{"sections":{"3cbbfa89-d25e-4de7-8bc3-53ff9de7e5b1":{"type":"gallery-carousel","blocks":{"template--16809124069669__3cbbfa89-d25e-4de7-8bc3-53ff9de7e5b1-166780006432774596-0":{"type":"image","settings":{"heading":"","subheading":"Paw Print","image":"shopify:\/\/shop_images\/Screenshot_2023-08-21_at_5.01.00_PM.png","link":"shopify:\/\/collections\/frontpage"}},"template--16809124069669__3cbbfa89-d25e-4de7-8bc3-53ff9de7e5b1-166780006432774596-1":{"type":"image","settings":{"heading":"","subheading":"Nose Print","image":"shopify:\/\/shop_images\/70_Off-51.png","link":"shopify:\/\/collections\/nose-print-stamp-pads"}},"6dc9ba0c-1e8a-4db8-8b1d-927ede9048a5":{"type":"image","settings":{"heading":"","subheading":"Bundles","image":"shopify:\/\/shop_images\/70_Off-55.png","link":"shopify:\/\/collections\/buy-more-save"}},"e7845f4f-e38d-4288-ac91-6432f8357343":{"type":"image","settings":{"heading":"","subheading":"Keepsakes","image":"shopify:\/\/shop_images\/70_Off-56.png","link":"shopify:\/\/collections\/pet-frames"}},"template--16809124069669__3cbbfa89-d25e-4de7-8bc3-53ff9de7e5b1-166780006432774596-2":{"type":"image","settings":{"heading":"","subheading":"Clay Print","image":"shopify:\/\/shop_images\/70_Off-53.png","link":"shopify:\/\/collections\/clay-kits"}}},"block_order":["template--16809124069669__3cbbfa89-d25e-4de7-8bc3-53ff9de7e5b1-166780006432774596-0","template--16809124069669__3cbbfa89-d25e-4de7-8bc3-53ff9de7e5b1-166780006432774596-1","6dc9ba0c-1e8a-4db8-8b1d-927ede9048a5","e7845f4f-e38d-4288-ac91-6432f8357343","template--16809124069669__3cbbfa89-d25e-4de7-8bc3-53ff9de7e5b1-166780006432774596-2"],"settings":{"enable_fullwidth":true,"heading":"","heading_size":"h2","gallery_style":"auto-slide","slide_direction":"left","image_style":"circle","image_size":"small","image_crop":false,"image_background":true,"bgcolor":"primary","top_space_desktop":20,"bottom_space_desktop":20,"top_space_mobile":0,"bottom_space_mobile":15}},"b7ac5ccd-a8ff-43af-9bff-d398b93c4362":{"type":"slider","blocks":{"093308ec-5a07-42a5-b2aa-e44479115be4":{"type":"slide","settings":{"image":"shopify:\/\/shop_images\/CYBER-5_9151e302-1278-4a75-befc-414c9b8ebe67.png","image_mobile":"shopify:\/\/shop_images\/Family_Owned_Operated-7_7037b0b1-aefe-4bb1-a6d1-bc5af489baee.png","videofile":"","banner_subtitle":"","banner_title":"","banner_desc":"","desktop_title_size":70,"mobile_title_size":36,"button_text":"Shop Now","button_link":"shopify:\/\/collections\/all","button_size":"large","desktop_content_position":"d-bottom-left","mobile_content_position":"m-center-left","title_color":"#ffffff","subtitle_color":"#ffffff","subtitle_bgcolor":"#ffffff","desc_color":"#000000","btn_bg":"#2f67f4","btn_text":"#ffffff","btn_border":"#2f67f4","title_color_m":"#ffffff","subtitle_color_m":"#000000","subtitle_bgcolor_m":"#ffffff","desc_color_m":"#000000","btn_bg_m":"#2f67f4","btn_text_m":"#ffffff","btn_border_m":"#ffffff"}},"6a0fc043-132e-47a9-9531-f9ff98c79671":{"type":"slide","settings":{"image":"shopify:\/\/shop_images\/CYBER-6_d269392a-a331-4bf6-8019-61574fcb1c19.png","image_mobile":"shopify:\/\/shop_images\/78_528bbd7c-f9d7-41bf-a8b9-cced594872f2.png","videofile":"","banner_subtitle":"","banner_title":"","banner_desc":"","desktop_title_size":70,"mobile_title_size":36,"button_text":"Shop Now","button_link":"shopify:\/\/collections\/all","button_size":"default","desktop_content_position":"d-center","mobile_content_position":"m-center","title_color":"#000000","subtitle_color":"#000000","subtitle_bgcolor":"#ffffff","desc_color":"#000000","btn_bg":"#000000","btn_text":"#ffffff","btn_border":"#000000","title_color_m":"#ffffff","subtitle_color_m":"#000000","subtitle_bgcolor_m":"#dcdcdc","desc_color_m":"#ffffff","btn_bg_m":"#ffffff","btn_text_m":"#555555","btn_border_m":"#daf5ff"}}},"block_order":["093308ec-5a07-42a5-b2aa-e44479115be4","6a0fc043-132e-47a9-9531-f9ff98c79671"],"settings":{"nav_style":"dots","content_below_image":false,"rotate":true,"interval":5,"desktop_height":"750px","mobile_height":"550px","bgcolor":"primary"}},"2bb983b8-7e35-4b69-a6af-1f52ed491b37":{"type":"gallery-carousel","blocks":{"template--14658944761959__2bb983b8-7e35-4b69-a6af-1f52ed491b37-image-1":{"type":"image","settings":{"heading":"","subheading":"","image":"shopify:\/\/shop_images\/Screenshot_2023-08-29_at_8.08.18_PM_885bf3b2-92e2-4ace-ba3c-db9a9fcdd5ee.png","link":""}},"template--14658944761959__2bb983b8-7e35-4b69-a6af-1f52ed491b37-image-2":{"type":"image","settings":{"heading":"","subheading":"","image":"shopify:\/\/shop_images\/Screenshot_2023-08-29_at_8.27.19_PM_3b1c59ca-33ce-44b6-b2e3-51a3d4728406.png","link":""}},"template--14658944761959__2bb983b8-7e35-4b69-a6af-1f52ed491b37-image-3":{"type":"image","settings":{"heading":"","subheading":"","image":"shopify:\/\/shop_images\/Screenshot_2023-08-29_at_10.18.43_PM_e4d9afe6-a0f2-40b9-a679-5b9e62883e60.png","link":""}},"c3b307be-8ef3-4151-ba18-325f345c7986":{"type":"image","settings":{"heading":"","subheading":"","image":"shopify:\/\/shop_images\/Screenshot_2023-08-29_at_10.31.12_PM.png","link":""}},"f903aaa7-b947-41e9-9a9c-61decfa72eb1":{"type":"image","settings":{"heading":"","subheading":"","image":"shopify:\/\/shop_images\/E5B90E9B-712B-402E-A020-C3D271B51C0D.jpg","link":""}},"4fb7c086-7580-4f0a-9d16-f69c99cd1c53":{"type":"image","settings":{"heading":"","subheading":"","image":"shopify:\/\/shop_images\/IMG_8924.jpg","link":""}},"1d7b8788-88b9-443d-bb92-69708d7b5e17":{"type":"image","settings":{"heading":"","subheading":"","image":"shopify:\/\/shop_images\/Screenshot_2023-08-29_at_8.14.00_PM.png","link":""}},"5ba21863-9535-48e6-b30c-ac1c8ac06ac9":{"type":"image","settings":{"heading":"","subheading":"","image":"shopify:\/\/shop_images\/7.jpg","link":""}}},"block_order":["template--14658944761959__2bb983b8-7e35-4b69-a6af-1f52ed491b37-image-1","template--14658944761959__2bb983b8-7e35-4b69-a6af-1f52ed491b37-image-2","template--14658944761959__2bb983b8-7e35-4b69-a6af-1f52ed491b37-image-3","c3b307be-8ef3-4151-ba18-325f345c7986","f903aaa7-b947-41e9-9a9c-61decfa72eb1","4fb7c086-7580-4f0a-9d16-f69c99cd1c53","1d7b8788-88b9-443d-bb92-69708d7b5e17","5ba21863-9535-48e6-b30c-ac1c8ac06ac9"],"settings":{"enable_fullwidth":true,"heading":"","heading_size":"h2","gallery_style":"auto-slide","slide_direction":"right","image_style":"square","image_size":"medium","image_crop":false,"image_background":false,"bgcolor":"primary","top_space_desktop":45,"bottom_space_desktop":45,"top_space_mobile":10,"bottom_space_mobile":0}},"44837886-0c70-48e1-92a6-429479c4bee0":{"type":"rotating-text","disabled":true,"settings":{"text1":"<p><strong>PRINTS OF LOVE<\/strong> PAW & NOSE PRINT KEEPSAKES<\/p>","text2":"","row1_font_family":"--heading-font-family","row2_font_family":"--font-family","row1_direction":"left","row2_direction":"right","heading_font_size":48,"subheading_font_size":24,"section_border":true,"bgcolor":"#ffffff","bg_gradient_color":"","text1color":"#000000","outlinetext1color":"#000000","text2color":"#a56748","outlinetext2color":"#a56748","top_space_desktop":10,"bottom_space_desktop":10,"top_space_mobile":15,"bottom_space_mobile":15}},"3666ad5c-9a57-4da8-85e3-51e692e12b68":{"type":"tabbed-collections","blocks":{"9e2c9b9a-3d2c-43bf-b02e-f906e1c31b6e":{"type":"collection","settings":{"heading":"","collection":"most-wanted"}},"4e20d272-bcda-4606-8bc0-188a7448df52":{"type":"collection","disabled":true,"settings":{"heading":"","collection":""}}},"block_order":["9e2c9b9a-3d2c-43bf-b02e-f906e1c31b6e","4e20d272-bcda-4606-8bc0-188a7448df52"],"settings":{"heading":"Most Wanted","heading_size":"h2","tabs_position":"right","tabs_alignment":"left-start","products_style":"stacked","products_per_row":4,"product_grid_radius_desktop":10,"product_grid_radius_mobile":10,"product_grid_spacing_desktop":10,"product_grid_spacing_mobile":10,"hide_tab_name":true,"show_tabs_border":true,"bgcolor":"primary","top_space_desktop":40,"bottom_space_desktop":15,"top_space_mobile":35,"bottom_space_mobile":0}},"a96a7245-c763-4ca9-892e-12780c8f2dc9":{"type":"collage","blocks":{"e5ff2aef-ba95-4c9e-8e3f-dd72458b9d05":{"type":"image","settings":{"image_width":"col-md-4","heading":"Heading","heading_size":"h2","subheading":"Sub heading","link":"","btn_text":"","outline_button":false,"button_size":"xsmall","overlayopacity":0,"desktop_content_position":"d-center","mobile_content_position":"m-center","overlaycolor":"rgba(0,0,0,0)","textcolor":"#000000","button_text_color":"#ffffff","button_bg_color":"#000000","button_border_color":"#000000"}},"cb571fed-5881-4211-b2a8-8af441cd3156":{"type":"image","settings":{"image_width":"col-md-4","heading":"Heading","heading_size":"h2","subheading":"Sub heading","link":"","btn_text":"","outline_button":false,"button_size":"xsmall","overlayopacity":0,"desktop_content_position":"d-center","mobile_content_position":"m-center","overlaycolor":"rgba(0,0,0,0)","textcolor":"#000000","button_text_color":"#ffffff","button_bg_color":"#000000","button_border_color":"#000000"}},"46d419dd-e0b2-4e96-9658-98c38ff0e1a6":{"type":"image","settings":{"image_width":"col-md-4","heading":"Heading","heading_size":"h2","subheading":"Sub heading","link":"","btn_text":"","outline_button":false,"button_size":"xsmall","overlayopacity":0,"desktop_content_position":"d-center","mobile_content_position":"m-center","overlaycolor":"#000000","textcolor":"#000000","button_text_color":"#ffffff","button_bg_color":"#000000","button_border_color":"#000000"}},"55852e55-9f01-474d-9e5f-d6cc67deb68c":{"type":"image","settings":{"image_width":"col-md-4","heading":"Heading","heading_size":"h2","subheading":"Sub heading","link":"","btn_text":"","outline_button":false,"button_size":"xsmall","overlayopacity":0,"desktop_content_position":"d-center","mobile_content_position":"m-center","overlaycolor":"rgba(0,0,0,0)","textcolor":"#000000","button_text_color":"#ffffff","button_bg_color":"#000000","button_border_color":"#000000"}},"66d90dc6-1520-4a47-92d2-636ad7f776bd":{"type":"image","settings":{"image_width":"col-md-8","heading":"Heading","heading_size":"h2","subheading":"Sub heading","link":"","btn_text":"","outline_button":false,"button_size":"xsmall","overlayopacity":0,"desktop_content_position":"d-center","mobile_content_position":"m-center","overlaycolor":"rgba(0,0,0,0)","textcolor":"#000000","button_text_color":"#ffffff","button_bg_color":"#000000","button_border_color":"#000000"}}},"block_order":["e5ff2aef-ba95-4c9e-8e3f-dd72458b9d05","cb571fed-5881-4211-b2a8-8af441cd3156","46d419dd-e0b2-4e96-9658-98c38ff0e1a6","55852e55-9f01-474d-9e5f-d6cc67deb68c","66d90dc6-1520-4a47-92d2-636ad7f776bd"],"disabled":true,"settings":{"enable_fullwidth":false,"image_layout":"rounded","image_radius_desktop":10,"image_radius_mobile":10,"heading_size":"h2","button_size":"xsmall","space_in_images":true,"image_spacing_desktop":10,"image_spacing_mobile":10,"bgcolor":"primary","top_space_desktop":0,"bottom_space_desktop":20,"top_space_mobile":0,"bottom_space_mobile":0}},"a1b176c3-f07e-4422-aca7-8c39a39d35db":{"type":"rotating-text","settings":{"text1":"<p><strong>FREE SHIPPING<\/strong> on all orders $50+ INTL $75+<\/p>","text2":"","row1_font_family":"--heading-font-family","row2_font_family":"--font-family","row1_direction":"left","row2_direction":"right","heading_font_size":90,"subheading_font_size":24,"section_border":false,"bgcolor":"#fefaf7","bg_gradient_color":"","text1color":"#000000","outlinetext1color":"#0e3a2d","text2color":"#a56748","outlinetext2color":"#a56748","top_space_desktop":0,"bottom_space_desktop":0,"top_space_mobile":15,"bottom_space_mobile":15}},"892e650b-bd66-447a-b397-5081a12a90e6":{"type":"featured-collection","disabled":true,"settings":{"collection":"buy-more-save","products_count":6,"slider_full_width":false,"product_as_stacked":true,"over_image_product":false,"product_grid_radius_desktop":10,"product_grid_radius_mobile":10,"product_grid_spacing_desktop":10,"product_grid_spacing_mobile":10,"heading":"Buy More & Save","heading_size":"h2","subheading":"","collection_image":"shopify:\/\/shop_images\/Untitled_design-15.png","collection_heading":".","hide_description":true,"collection_desc":"","bgcolor":"primary","collection_title_color":"#ffffff","collection_desc_color":"#000000","top_space_desktop":35,"bottom_space_desktop":40,"top_space_mobile":5,"bottom_space_mobile":0}},"a7362911-a1c8-40f8-ad6b-6bf035241357":{"type":"collage","blocks":{"template--14658944761959__a7362911-a1c8-40f8-ad6b-6bf035241357-image-1":{"type":"image","settings":{"image_width":"col-md-6","image":"shopify:\/\/shop_images\/9_c094476f-b9ec-4f1c-974d-da566ccd5a4c.png","heading":"","heading_size":"h1","subheading":"","link":"shopify:\/\/collections\/buy-more-save","btn_text":"Shop Now","outline_button":false,"button_size":"med","overlayopacity":0,"desktop_content_position":"d-center","mobile_content_position":"m-bottom-center","overlaycolor":"#000000","textcolor":"#ffffff","button_text_color":"#ffffff","button_bg_color":"#000000","button_border_color":"#000000"}},"template--14658944761959__a7362911-a1c8-40f8-ad6b-6bf035241357-image-2":{"type":"image","disabled":true,"settings":{"image_width":"col-md-6","heading":"Heading","heading_size":"h2","subheading":"Sub heading","link":"","btn_text":"","outline_button":false,"button_size":"xsmall","overlayopacity":0,"desktop_content_position":"d-center","mobile_content_position":"m-center","overlaycolor":"#000000","textcolor":"#ffffff","button_text_color":"#ffffff","button_bg_color":"#000000","button_border_color":"#000000"}}},"block_order":["template--14658944761959__a7362911-a1c8-40f8-ad6b-6bf035241357-image-1","template--14658944761959__a7362911-a1c8-40f8-ad6b-6bf035241357-image-2"],"settings":{"enable_fullwidth":false,"image_layout":"rounded","image_radius_desktop":10,"image_radius_mobile":10,"heading_size":"h1","button_size":"small","space_in_images":true,"image_spacing_desktop":10,"image_spacing_mobile":10,"bgcolor":"gradient","top_space_desktop":50,"bottom_space_desktop":50,"top_space_mobile":35,"bottom_space_mobile":20}},"0d6f271d-e03d-4e04-9ba8-a54277fa62b0":{"type":"tabbed-collections","blocks":{"88fdcb3d-208f-470a-ae41-9b98caa7dd14":{"type":"collection","settings":{"heading":"","collection":"pet-frames"}}},"block_order":["88fdcb3d-208f-470a-ae41-9b98caa7dd14"],"settings":{"heading":"Pet Frames","heading_size":"h2","tabs_position":"bottom","tabs_alignment":"left-start","products_style":"carousel","products_per_row":5,"product_grid_radius_desktop":10,"product_grid_radius_mobile":10,"product_grid_spacing_desktop":10,"product_grid_spacing_mobile":10,"hide_tab_name":true,"show_tabs_border":true,"bgcolor":"primary","top_space_desktop":40,"bottom_space_desktop":15,"top_space_mobile":35,"bottom_space_mobile":15}},"d2382bd3-0f3c-44b9-a65d-0b97bc1d7ed1":{"type":"tabbed-collections","blocks":{"0bb23fbc-c3a7-4b25-86d5-50e4a9bc8a57":{"type":"collection","settings":{"heading":"","collection":"clay-kits"}}},"block_order":["0bb23fbc-c3a7-4b25-86d5-50e4a9bc8a57"],"disabled":true,"settings":{"heading":"Clay Kits","heading_size":"h2","tabs_position":"bottom","tabs_alignment":"left-start","products_style":"carousel","products_per_row":5,"product_grid_radius_desktop":10,"product_grid_radius_mobile":10,"product_grid_spacing_desktop":10,"product_grid_spacing_mobile":10,"hide_tab_name":true,"show_tabs_border":true,"bgcolor":"primary","top_space_desktop":40,"bottom_space_desktop":15,"top_space_mobile":10,"bottom_space_mobile":15}},"0ed1bf23-2ee4-48e3-8186-1561303c6f4a":{"type":"tabbed-collections","blocks":{"d3b9998e-5655-46c6-82f8-bfb9ff565e02":{"type":"collection","settings":{"heading":"","collection":"paw-print-nose-print-bundles"}}},"block_order":["d3b9998e-5655-46c6-82f8-bfb9ff565e02"],"disabled":true,"settings":{"heading":"Bundles","heading_size":"h2","tabs_position":"bottom","tabs_alignment":"left-start","products_style":"carousel","products_per_row":5,"product_grid_radius_desktop":10,"product_grid_radius_mobile":10,"product_grid_spacing_desktop":10,"product_grid_spacing_mobile":10,"hide_tab_name":true,"show_tabs_border":true,"bgcolor":"primary","top_space_desktop":40,"bottom_space_desktop":15,"top_space_mobile":15,"bottom_space_mobile":15}},"69ed214a-a245-4b26-8dcb-d011c0a1132f":{"type":"tabbed-collections","blocks":{"b157b4af-e0de-493d-ac3b-9978b5e850c1":{"type":"collection","settings":{"heading":"","collection":"nose-print-stamp-pads"}}},"block_order":["b157b4af-e0de-493d-ac3b-9978b5e850c1"],"disabled":true,"settings":{"heading":"Nose Print Stamp Pads","heading_size":"h2","tabs_position":"bottom","tabs_alignment":"left-start","products_style":"carousel","products_per_row":5,"product_grid_radius_desktop":10,"product_grid_radius_mobile":10,"product_grid_spacing_desktop":10,"product_grid_spacing_mobile":10,"hide_tab_name":true,"show_tabs_border":true,"bgcolor":"quaternary","top_space_desktop":40,"bottom_space_desktop":15,"top_space_mobile":15,"bottom_space_mobile":15}},"18021d70-c390-458c-bf95-2f3bad646c2c":{"type":"tabbed-collections","blocks":{"0bd63e87-8e43-4b17-a46e-3abd477f44fe":{"type":"collection","settings":{"heading":"","collection":"clay-paw-print-grab-bag-kits"}}},"block_order":["0bd63e87-8e43-4b17-a46e-3abd477f44fe"],"disabled":true,"settings":{"heading":"Clay Paw Print Grab Bag Kits","heading_size":"h2","tabs_position":"bottom","tabs_alignment":"left-start","products_style":"carousel","products_per_row":5,"product_grid_radius_desktop":10,"product_grid_radius_mobile":10,"product_grid_spacing_desktop":10,"product_grid_spacing_mobile":10,"hide_tab_name":true,"show_tabs_border":true,"bgcolor":"primary","top_space_desktop":40,"bottom_space_desktop":15,"top_space_mobile":15,"bottom_space_mobile":15}},"da9a4c0e-a21a-4c3e-8dac-2e00e6401b76":{"type":"collage","blocks":{"template--14658944761959__da9a4c0e-a21a-4c3e-8dac-2e00e6401b76-image-1":{"type":"image","settings":{"image_width":"col-md-6","image":"shopify:\/\/shop_images\/70_Off-5_1141e486-19ec-4474-aafa-cadea246d032.png","heading":"","heading_size":"h2","subheading":"","link":"shopify:\/\/collections\/nose-print-stamp-pads","btn_text":"Shop Now","outline_button":false,"button_size":"med","overlayopacity":0,"desktop_content_position":"d-center","mobile_content_position":"m-bottom-center","overlaycolor":"#000000","textcolor":"#ffffff","button_text_color":"#ffffff","button_bg_color":"#000000","button_border_color":"#000000"}},"template--14658944761959__da9a4c0e-a21a-4c3e-8dac-2e00e6401b76-image-2":{"type":"image","disabled":true,"settings":{"image_width":"col-md-6","heading":"Heading","heading_size":"h2","subheading":"Sub heading","link":"","btn_text":"","outline_button":false,"button_size":"xsmall","overlayopacity":0,"desktop_content_position":"d-center","mobile_content_position":"m-center","overlaycolor":"#000000","textcolor":"#ffffff","button_text_color":"#ffffff","button_bg_color":"#000000","button_border_color":"#000000"}}},"block_order":["template--14658944761959__da9a4c0e-a21a-4c3e-8dac-2e00e6401b76-image-1","template--14658944761959__da9a4c0e-a21a-4c3e-8dac-2e00e6401b76-image-2"],"settings":{"enable_fullwidth":false,"image_layout":"rounded","image_radius_desktop":10,"image_radius_mobile":10,"heading_size":"h1","button_size":"small","space_in_images":true,"image_spacing_desktop":10,"image_spacing_mobile":10,"bgcolor":"gradient","top_space_desktop":50,"bottom_space_desktop":50,"top_space_mobile":35,"bottom_space_mobile":10}},"42e8f498-dcf5-4202-8783-84def3fc423e":{"type":"collage","blocks":{"template--16809124069669__42e8f498-dcf5-4202-8783-84def3fc423e-1667801289f4a3a907-0":{"type":"image","settings":{"image_width":"col-md-6","image":"shopify:\/\/shop_images\/101.png","heading":"","heading_size":"h1","subheading":"","link":"shopify:\/\/collections\/clay-kits","btn_text":"Shop Now","outline_button":false,"button_size":"med","overlayopacity":0,"desktop_content_position":"d-center","mobile_content_position":"m-bottom-center","overlaycolor":"rgba(0,0,0,0)","textcolor":"#ffffff","button_text_color":"#ffffff","button_bg_color":"#000000","button_border_color":"#000000"}},"template--16809124069669__42e8f498-dcf5-4202-8783-84def3fc423e-1667801289f4a3a907-1":{"type":"image","settings":{"image_width":"col-md-6","image":"shopify:\/\/shop_images\/10_d35c2da0-85f0-4e78-81f3-28b9c4355eb9.png","heading":"","heading_size":"h1","subheading":"","link":"shopify:\/\/collections\/paw-print-nose-print-bundles","btn_text":"Shop Now","outline_button":false,"button_size":"med","overlayopacity":0,"desktop_content_position":"d-center","mobile_content_position":"m-bottom-center","overlaycolor":"rgba(0,0,0,0)","textcolor":"#ffffff","button_text_color":"#ffffff","button_bg_color":"#000000","button_border_color":"#000000"}}},"block_order":["template--16809124069669__42e8f498-dcf5-4202-8783-84def3fc423e-1667801289f4a3a907-0","template--16809124069669__42e8f498-dcf5-4202-8783-84def3fc423e-1667801289f4a3a907-1"],"settings":{"enable_fullwidth":false,"image_layout":"rounded","image_radius_desktop":10,"image_radius_mobile":10,"heading_size":"h2","button_size":"xsmall","space_in_images":true,"image_spacing_desktop":10,"image_spacing_mobile":10,"bgcolor":"primary","top_space_desktop":45,"bottom_space_desktop":45,"top_space_mobile":35,"bottom_space_mobile":20}},"11f65e78-5a40-445a-a57e-de73b4514898":{"type":"before-after-image","settings":{"fullwidth":false,"title":"","description":"","before_image":"shopify:\/\/shop_images\/13.png","after_image":"shopify:\/\/shop_images\/14.png","before_text":"Before","after_text":"After","text_alignment":"top","drag_position":50,"bg_color":"#f3efec","title_color":"#000000","description_color":"#000000","before_text_color":"#ffffff","after_text_color":"#000000","drag_bg_color":"#ffffff","drag_text_color":"#000000","top_space_desktop":30,"bottom_space_desktop":30,"top_space_mobile":30,"bottom_space_mobile":30}},"26580413-0e68-4da7-94b0-f20ef195a9c0":{"type":"tabbed-collections","blocks":{"58adf70f-81cc-46f7-bda4-6e54476ae38f":{"type":"collection","settings":{"heading":"","collection":"custom-gifts"}}},"block_order":["58adf70f-81cc-46f7-bda4-6e54476ae38f"],"settings":{"heading":"Custom Pet Portraits","heading_size":"h2","tabs_position":"bottom","tabs_alignment":"left-start","products_style":"carousel","products_per_row":5,"product_grid_radius_desktop":10,"product_grid_radius_mobile":10,"product_grid_spacing_desktop":10,"product_grid_spacing_mobile":10,"hide_tab_name":true,"show_tabs_border":true,"bgcolor":"primary","top_space_desktop":40,"bottom_space_desktop":15,"top_space_mobile":35,"bottom_space_mobile":15}},"08a794cb-be09-40d3-9dae-24ba5188a73d":{"type":"testimonials","blocks":{"template--16809124069669__08a794cb-be09-40d3-9dae-24ba5188a73d-1667806302f1e7ea42-0":{"type":"quote","settings":{"rating":5,"message":"The cutest little paw. Thank you @furgift for the most perfect keepsake #miniaussie","author":"@jerrsica2","author_city":"","image":"shopify:\/\/shop_images\/IMG_3968.webp"}},"template--16809124069669__08a794cb-be09-40d3-9dae-24ba5188a73d-1667806302f1e7ea42-1":{"type":"quote","settings":{"rating":5,"message":"We did this yesterday with the XL @furgift ink pad! I'm so glad I got the XL because his paws are absolutely HUGE!","author":"@ranger.gsd21","author_city":"","image":"shopify:\/\/shop_images\/IMG_3969.jpg"}},"template--16809124069669__08a794cb-be09-40d3-9dae-24ba5188a73d-1667806302f1e7ea42-2":{"type":"quote","settings":{"rating":5,"message":"Eddie's paw print #tattoo","author":"@jessicatickle","author_city":"","image":"shopify:\/\/shop_images\/IMG_3970.jpg"}},"template--16809124069669__08a794cb-be09-40d3-9dae-24ba5188a73d-1667806302f1e7ea42-3":{"type":"quote","settings":{"rating":5,"message":"#mylittlefamily","author":"@beingmorgananne","author_city":"","image":"shopify:\/\/shop_images\/IMG_3971.jpg"}}},"block_order":["template--16809124069669__08a794cb-be09-40d3-9dae-24ba5188a73d-1667806302f1e7ea42-0","template--16809124069669__08a794cb-be09-40d3-9dae-24ba5188a73d-1667806302f1e7ea42-1","template--16809124069669__08a794cb-be09-40d3-9dae-24ba5188a73d-1667806302f1e7ea42-2","template--16809124069669__08a794cb-be09-40d3-9dae-24ba5188a73d-1667806302f1e7ea42-3"],"settings":{"heading":"Pawsitive Reviews","heading_size":"h2","slider_style":"style1","column_count":"column2","nav_style":"arrow","divider_top":false,"divider_bottom":false,"bgcolor":"gradient","top_space_desktop":60,"bottom_space_desktop":60,"top_space_mobile":45,"bottom_space_mobile":30}},"9a1fe066-2f93-4cd9-9406-69df7c56cc79":{"type":"text-with-icons","blocks":{"template--16809124069669__9a1fe066-2f93-4cd9-9406-69df7c56cc79-16678017855c9a4f01-0":{"type":"column","settings":{"icon":"heart","heading":"Small Business, Big Heart","subtext":""}},"template--16809124069669__9a1fe066-2f93-4cd9-9406-69df7c56cc79-16678017855c9a4f01-1":{"type":"column","settings":{"icon":"shipping","heading":"100% Family Owned + Operated","subtext":""}},"template--16809124069669__9a1fe066-2f93-4cd9-9406-69df7c56cc79-16678017855c9a4f01-2":{"type":"column","settings":{"icon":"gift","heading":"Coolest Gift Idea","subtext":""}},"template--16809124069669__9a1fe066-2f93-4cd9-9406-69df7c56cc79-16678017855c9a4f01-3":{"type":"column","settings":{"icon":"thumb","heading":"As Seen on Tik Tok","subtext":""}}},"block_order":["template--16809124069669__9a1fe066-2f93-4cd9-9406-69df7c56cc79-16678017855c9a4f01-0","template--16809124069669__9a1fe066-2f93-4cd9-9406-69df7c56cc79-16678017855c9a4f01-1","template--16809124069669__9a1fe066-2f93-4cd9-9406-69df7c56cc79-16678017855c9a4f01-2","template--16809124069669__9a1fe066-2f93-4cd9-9406-69df7c56cc79-16678017855c9a4f01-3"],"settings":{"column_background":false,"mobile_column_count":"2","icon_background":false,"icon_position":"top","bgcolor":"primary","column_background_color":"","icon_background_color":"","top_space_desktop":30,"bottom_space_desktop":30,"top_space_mobile":30,"bottom_space_mobile":30}},"9fe78f99-a723-4384-97f0-0ab9a53d574e":{"type":"featured-collections-carousel","blocks":{"template--16809124069669__9fe78f99-a723-4384-97f0-0ab9a53d574e-1667804924ee962633-0":{"type":"collection","settings":{"collection":"frontpage","image":"shopify:\/\/shop_images\/1_53d250b8-f0ba-46fd-ad8d-dac772c69bd8.png","heading":"Paw Prints","subheading":"","headingcolor":"#ffffff","subheadingcolor":"#ffffff"}},"template--16809124069669__9fe78f99-a723-4384-97f0-0ab9a53d574e-1667804924ee962633-1":{"type":"collection","settings":{"collection":"nose-print-stamp-pads","image":"shopify:\/\/shop_images\/3_bfbf285a-babe-471e-87ef-20e283838279.png","heading":"Nose Prints","subheading":"","headingcolor":"#ffffff","subheadingcolor":"#ffffff"}},"template--16809124069669__9fe78f99-a723-4384-97f0-0ab9a53d574e-1667804924ee962633-2":{"type":"collection","settings":{"collection":"","image":"shopify:\/\/shop_images\/Untitled_design-140.png","heading":"Clay Print Kits","subheading":"","headingcolor":"#ffffff","subheadingcolor":"#ffffff"}},"template--16809124069669__9fe78f99-a723-4384-97f0-0ab9a53d574e-1667804924ee962633-3":{"type":"collection","disabled":true,"settings":{"collection":"","heading":"","subheading":"","headingcolor":"#000000","subheadingcolor":"#000000"}}},"block_order":["template--16809124069669__9fe78f99-a723-4384-97f0-0ab9a53d574e-1667804924ee962633-0","template--16809124069669__9fe78f99-a723-4384-97f0-0ab9a53d574e-1667804924ee962633-1","template--16809124069669__9fe78f99-a723-4384-97f0-0ab9a53d574e-1667804924ee962633-2","template--16809124069669__9fe78f99-a723-4384-97f0-0ab9a53d574e-1667804924ee962633-3"],"settings":{"style":"style2","enable_fullwidth":true,"heading":"","heading_size":"h2","subheading":"","description":"","btntext":"","btnlink":"shopify:\/\/collections","button_size":"small","bgcolor":"gradient","top_space_desktop":40,"bottom_space_desktop":40,"top_space_mobile":25,"bottom_space_mobile":25}},"0b2c8e19-4da1-4cd8-88f9-0defb0d8316d":{"type":"featured-articles","blocks":{"template--16809124069669__0b2c8e19-4da1-4cd8-88f9-0defb0d8316d-166780673349d066bb-1":{"type":"article","settings":{"article":"fur-gift-co-founders-journey-through-loss\/rainbow-bridge"}},"template--16809124069669__0b2c8e19-4da1-4cd8-88f9-0defb0d8316d-166780673349d066bb-0":{"type":"article","disabled":true,"settings":{"article":"fur-gift-co-founders-journey-through-loss\/fur-gift-co-founders-journey-through-loss"}},"template--16809124069669__0b2c8e19-4da1-4cd8-88f9-0defb0d8316d-166780673349d066bb-2":{"type":"article","disabled":true,"settings":{"article":""}}},"block_order":["template--16809124069669__0b2c8e19-4da1-4cd8-88f9-0defb0d8316d-166780673349d066bb-1","template--16809124069669__0b2c8e19-4da1-4cd8-88f9-0defb0d8316d-166780673349d066bb-0","template--16809124069669__0b2c8e19-4da1-4cd8-88f9-0defb0d8316d-166780673349d066bb-2"],"disabled":true,"settings":{"overlay_content":false,"heading":"","button":"View all","link":"","bgcolor":"gradient","top_space_desktop":60,"bottom_space_desktop":60,"top_space_mobile":10,"bottom_space_mobile":25}},"cb123cf4-db45-4fe5-93b6-6894b773f4b7":{"type":"video-section","disabled":true,"settings":{"videofile":"https:\/\/www.tiktok.com\/@furgiftofficial\/video\/7266176018124115242","fullwidth":true,"desktop_height":650,"mobile_height":510,"autoplay":true,"video_size":"contain","bg_pattern":"none","title":"As Seen on Tik Tok","subtitle":"Viral Gifts for Pet Lovers","overlay_content":false,"title_color":"#000000","subtitle_color":"#000000","btn_color":"#000000","overlay_color":"#ffffff","overlay_opacity":0}},"241580ea-bd0e-4db7-b075-509b6cb71c9c":{"type":"newsletter","disabled":true,"settings":{"heading":"Join Our Newsletter","description":"Be the first to know about new products and exclusive offers.","placeholder":"Email Address","btn":"Subscribe","bgcolor":"gradient","button_text_color":"#ffffff","button_bg_color":"#2f67f4","button_border_color":"#2f67f4","top_space_desktop":50,"bottom_space_desktop":50,"top_space_mobile":30,"bottom_space_mobile":30}}},"order":["3cbbfa89-d25e-4de7-8bc3-53ff9de7e5b1","b7ac5ccd-a8ff-43af-9bff-d398b93c4362","2bb983b8-7e35-4b69-a6af-1f52ed491b37","44837886-0c70-48e1-92a6-429479c4bee0","3666ad5c-9a57-4da8-85e3-51e692e12b68","a96a7245-c763-4ca9-892e-12780c8f2dc9","a1b176c3-f07e-4422-aca7-8c39a39d35db","892e650b-bd66-447a-b397-5081a12a90e6","a7362911-a1c8-40f8-ad6b-6bf035241357","0d6f271d-e03d-4e04-9ba8-a54277fa62b0","d2382bd3-0f3c-44b9-a65d-0b97bc1d7ed1","0ed1bf23-2ee4-48e3-8186-1561303c6f4a","69ed214a-a245-4b26-8dcb-d011c0a1132f","18021d70-c390-458c-bf95-2f3bad646c2c","da9a4c0e-a21a-4c3e-8dac-2e00e6401b76","42e8f498-dcf5-4202-8783-84def3fc423e","11f65e78-5a40-445a-a57e-de73b4514898","26580413-0e68-4da7-94b0-f20ef195a9c0","08a794cb-be09-40d3-9dae-24ba5188a73d","9a1fe066-2f93-4cd9-9406-69df7c56cc79","9fe78f99-a723-4384-97f0-0ab9a53d574e","0b2c8e19-4da1-4cd8-88f9-0defb0d8316d","cb123cf4-db45-4fe5-93b6-6894b773f4b7","241580ea-bd0e-4db7-b075-509b6cb71c9c"]}