{"sections":{"main-page":{"type":"main-page","settings":{"banner_height_desktop":"auto","banner_height_mobile":"150px","bgcolor":"#f5efec","textcolor":"#181818"}},"14e7b250-c9b8-4015-8515-ee10b3645d57":{"type":"slider","blocks":{"template--14658944925799__14e7b250-c9b8-4015-8515-ee10b3645d57-slide-1":{"type":"slide","settings":{"image_mobile":"shopify:\/\/shop_images\/Affiliate_9f99df6b-438a-4ce0-ab57-fe25f57385f0.png","videofile":"","banner_subtitle":"","banner_title":"","banner_desc":"","desktop_title_size":70,"mobile_title_size":38,"button_text":"","button_link":"shopify:\/\/collections\/all","button_size":"large","desktop_content_position":"d-center","mobile_content_position":"m-center","title_color":"#000000","subtitle_color":"#000000","subtitle_bgcolor":"#DCDCDC","desc_color":"#000000","btn_bg":"#000000","btn_text":"#ffffff","btn_border":"#000000","title_color_m":"#ffffff","subtitle_color_m":"#000000","subtitle_bgcolor_m":"#DCDCDC","desc_color_m":"#ffffff","btn_bg_m":"#ffffff","btn_text_m":"#000000","btn_border_m":"#ffffff"}},"template--14658944925799__14e7b250-c9b8-4015-8515-ee10b3645d57-slide-2":{"type":"slide","disabled":true,"settings":{"videofile":"","banner_subtitle":"Banner Sub Heading Here","banner_title":"Banner Heading Here","banner_desc":"Banner Description Here","desktop_title_size":70,"mobile_title_size":36,"button_text":"Shop Now","button_link":"shopify:\/\/collections\/all","button_size":"large","desktop_content_position":"d-center","mobile_content_position":"m-center","title_color":"#000000","subtitle_color":"#000000","subtitle_bgcolor":"#DCDCDC","desc_color":"#000000","btn_bg":"#000000","btn_text":"#ffffff","btn_border":"#000000","title_color_m":"#ffffff","subtitle_color_m":"#000000","subtitle_bgcolor_m":"#DCDCDC","desc_color_m":"#ffffff","btn_bg_m":"#ffffff","btn_text_m":"#000000","btn_border_m":"#ffffff"}},"template--14658944925799__14e7b250-c9b8-4015-8515-ee10b3645d57-slide-3":{"type":"slide","disabled":true,"settings":{"videofile":"","banner_subtitle":"Banner Sub Heading Here","banner_title":"Banner Heading Here","banner_desc":"Banner Description Here","desktop_title_size":70,"mobile_title_size":36,"button_text":"Shop Now","button_link":"shopify:\/\/collections\/all","button_size":"large","desktop_content_position":"d-center","mobile_content_position":"m-center","title_color":"#000000","subtitle_color":"#000000","subtitle_bgcolor":"#DCDCDC","desc_color":"#000000","btn_bg":"#000000","btn_text":"#ffffff","btn_border":"#000000","title_color_m":"#ffffff","subtitle_color_m":"#000000","subtitle_bgcolor_m":"#DCDCDC","desc_color_m":"#ffffff","btn_bg_m":"#ffffff","btn_text_m":"#000000","btn_border_m":"#ffffff"}},"template--14658944925799__14e7b250-c9b8-4015-8515-ee10b3645d57-slide-4":{"type":"slide","disabled":true,"settings":{"videofile":"","banner_subtitle":"Banner Sub Heading Here","banner_title":"Banner Heading Here","banner_desc":"Banner Description Here","desktop_title_size":70,"mobile_title_size":36,"button_text":"Shop Now","button_link":"shopify:\/\/collections\/all","button_size":"large","desktop_content_position":"d-center","mobile_content_position":"m-center","title_color":"#000000","subtitle_color":"#000000","subtitle_bgcolor":"#DCDCDC","desc_color":"#000000","btn_bg":"#000000","btn_text":"#ffffff","btn_border":"#000000","title_color_m":"#ffffff","subtitle_color_m":"#000000","subtitle_bgcolor_m":"#DCDCDC","desc_color_m":"#ffffff","btn_bg_m":"#ffffff","btn_text_m":"#000000","btn_border_m":"#ffffff"}}},"block_order":["template--14658944925799__14e7b250-c9b8-4015-8515-ee10b3645d57-slide-1","template--14658944925799__14e7b250-c9b8-4015-8515-ee10b3645d57-slide-2","template--14658944925799__14e7b250-c9b8-4015-8515-ee10b3645d57-slide-3","template--14658944925799__14e7b250-c9b8-4015-8515-ee10b3645d57-slide-4"],"disabled":true,"settings":{"nav_style":"dots","content_below_image":false,"rotate":false,"interval":5,"desktop_height":"750px","mobile_height":"550px","bgcolor":"primary"}}},"order":["main-page","14e7b250-c9b8-4015-8515-ee10b3645d57"]}