{"sections":{"f94ddbbf-fbc6-4980-bfae-79969c5a34aa":{"type":"gallery-carousel","blocks":{"template--14658944991335__f94ddbbf-fbc6-4980-bfae-79969c5a34aa-image-1":{"type":"image","settings":{"heading":"","subheading":"Paw Print","image":"shopify:\/\/shop_images\/Screenshot_2023-08-21_at_5.01.00_PM.png","link":""}},"template--14658944991335__f94ddbbf-fbc6-4980-bfae-79969c5a34aa-image-2":{"type":"image","settings":{"heading":"","subheading":"Nose Print","image":"shopify:\/\/shop_images\/70_Off-51.png","link":""}},"template--14658944991335__f94ddbbf-fbc6-4980-bfae-79969c5a34aa-image-3":{"type":"image","settings":{"heading":"","subheading":"Keepsakes","image":"shopify:\/\/shop_images\/70_Off-56.png","link":""}},"0e481b68-c321-4d39-b153-0e67bf10d3ed":{"type":"image","settings":{"heading":"","subheading":"Clay Print","image":"shopify:\/\/shop_images\/70_Off-53.png","link":""}}},"block_order":["template--14658944991335__f94ddbbf-fbc6-4980-bfae-79969c5a34aa-image-1","template--14658944991335__f94ddbbf-fbc6-4980-bfae-79969c5a34aa-image-2","template--14658944991335__f94ddbbf-fbc6-4980-bfae-79969c5a34aa-image-3","0e481b68-c321-4d39-b153-0e67bf10d3ed"],"disabled":true,"settings":{"enable_fullwidth":true,"heading":"","heading_size":"h4","gallery_style":"auto-slide","slide_direction":"right","image_style":"circle","image_size":"small","image_crop":false,"image_background":false,"bgcolor":"primary","top_space_desktop":45,"bottom_space_desktop":45,"top_space_mobile":5,"bottom_space_mobile":20}},"ad26599f-1168-4d44-b20d-8bbe47a63dfa":{"type":"gallery-carousel","blocks":{"template--14658944991335__ad26599f-1168-4d44-b20d-8bbe47a63dfa-image-1":{"type":"image","settings":{"heading":"","subheading":"","image":"shopify:\/\/shop_images\/Screenshot_2023-08-29_at_8.08.18_PM.png","link":""}},"template--14658944991335__ad26599f-1168-4d44-b20d-8bbe47a63dfa-image-2":{"type":"image","settings":{"heading":"","subheading":"","image":"shopify:\/\/shop_images\/Screenshot_2023-08-29_at_8.27.19_PM_505270d2-f701-41f3-a3dc-e4977b285d91.png","link":""}},"f81f8213-685b-477c-bfba-64c7660549a6":{"type":"image","settings":{"heading":"","subheading":"","image":"shopify:\/\/shop_images\/Screenshot_2023-08-29_at_10.18.43_PM.png","link":""}},"c3166e0d-d0ff-42e7-93fc-d60558ff47ee":{"type":"image","settings":{"heading":"","subheading":"","image":"shopify:\/\/shop_images\/Screenshot_2023-08-29_at_8.16.52_PM.png","link":""}},"template--14658944991335__ad26599f-1168-4d44-b20d-8bbe47a63dfa-image-3":{"type":"image","disabled":true,"settings":{"heading":"","subheading":"","image":"shopify:\/\/shop_images\/Screenshot_2023-08-29_at_8.14.00_PM.png","link":""}}},"block_order":["template--14658944991335__ad26599f-1168-4d44-b20d-8bbe47a63dfa-image-1","template--14658944991335__ad26599f-1168-4d44-b20d-8bbe47a63dfa-image-2","f81f8213-685b-477c-bfba-64c7660549a6","c3166e0d-d0ff-42e7-93fc-d60558ff47ee","template--14658944991335__ad26599f-1168-4d44-b20d-8bbe47a63dfa-image-3"],"settings":{"enable_fullwidth":true,"heading":"","heading_size":"h2","gallery_style":"auto-slide","slide_direction":"right","image_style":"square","image_size":"small","image_crop":false,"image_background":false,"bgcolor":"primary","top_space_desktop":45,"bottom_space_desktop":45,"top_space_mobile":0,"bottom_space_mobile":10}},"main-product":{"type":"main-product","blocks":{"fe3c09d6-15d2-4555-a0f5-c87ab0cf370f":{"type":"title","settings":{}},"d2259b85-c930-4ca9-9b75-a993b1c28a1e":{"type":"shopify:\/\/apps\/stamped-product-reviews-ugc\/blocks\/star-rating-badge\/a103faaf-2125-4b0e-89fa-de5149736723","settings":{"use_metafields":false,"sku_tagtype":"sku","is_featured_product":false,"featured_product_handle":""}},"c069e4ad-5908-400d-a0ad-e071aa04cf33":{"type":"review-star","disabled":true,"settings":{}},"5540566c-63cd-4a90-b9b6-7707e45d7066":{"type":"price","settings":{}},"9db1533f-9baf-4eb6-869d-dd2b494b6990":{"type":"sku","disabled":true,"settings":{}},"8658b9a0-c9c5-4055-a2e1-56a8f49d0b68":{"type":"variant","settings":{"size_chart":""}},"811e6d87-a5e5-4457-9124-d3c2ed070ba9":{"type":"quantity","settings":{}},"16819786-9d1e-449d-966d-08d21e1c91af":{"type":"button","settings":{"dynamic_checkout_btn":false,"enable_fullwidth":true,"show_subscriptions_plan":false,"show_recipient_form":false,"sticky_add_to_cart":true,"sticky_add_to_cart_position":"bottom"}},"e02bd487-7756-43fc-8ac6-54fa9a16ca85":{"type":"social-icons","disabled":true,"settings":{}},"90767251-80fd-4c11-826b-b18ec0421f00":{"type":"complementary_products","disabled":true,"settings":{"heading":"Pairs well with","products_count":8}}},"block_order":["fe3c09d6-15d2-4555-a0f5-c87ab0cf370f","d2259b85-c930-4ca9-9b75-a993b1c28a1e","c069e4ad-5908-400d-a0ad-e071aa04cf33","5540566c-63cd-4a90-b9b6-7707e45d7066","9db1533f-9baf-4eb6-869d-dd2b494b6990","8658b9a0-c9c5-4055-a2e1-56a8f49d0b68","811e6d87-a5e5-4457-9124-d3c2ed070ba9","16819786-9d1e-449d-966d-08d21e1c91af","e02bd487-7756-43fc-8ac6-54fa9a16ca85","90767251-80fd-4c11-826b-b18ec0421f00"],"settings":{"gallery_style":"gallery","show_description":true,"show_variant-media":true,"enable_shipping_policy":true,"content_divider_mobile":"none","carousel_height_desktop":"adapt","carousel_height_mobile":"600px","width":"half","style":"tabs","accordion_content_alignment":"left","content_heading":"","content":"","content_heading2":"","content2":"","content_heading3":"","content3":""}},"24f60b70-d1d8-495d-9472-b629667eec56":{"type":"gallery-carousel","blocks":{"1fe3c9ae-ec65-49ca-bc4d-b74d0190bdaf":{"type":"image","settings":{"heading":"","subheading":"Paw & Nose Print","image":"shopify:\/\/shop_images\/IMG_3995.webp","link":""}},"83cbf95d-5402-431a-8567-4a119d20ae0e":{"type":"image","settings":{"heading":"","subheading":"Paw Print Tattoo","image":"shopify:\/\/shop_images\/IMG_3555_2.jpg","link":""}},"template--14658513338471__24f60b70-d1d8-495d-9472-b629667eec56-image-1":{"type":"image","settings":{"heading":"","subheading":"Paw Print Tattoo","image":"shopify:\/\/shop_images\/IMG_3988.webp","link":""}},"template--14658513338471__24f60b70-d1d8-495d-9472-b629667eec56-image-2":{"type":"image","settings":{"heading":"","subheading":"Nose Print Tattoo","image":"shopify:\/\/shop_images\/B3039399-13BA-4739-9969-E85CAE6D9B78.jpg","link":""}},"template--14658513338471__24f60b70-d1d8-495d-9472-b629667eec56-image-3":{"type":"image","settings":{"heading":"","subheading":"Paw Print Tattoo","image":"shopify:\/\/shop_images\/IMG_7655.png","link":""}},"0808d135-749c-4ed7-91c6-500c48c146a3":{"type":"image","settings":{"heading":"","subheading":"Paw Print Tattoo","image":"shopify:\/\/shop_images\/IMG_3992.webp","link":""}},"c9db08bc-ac29-4eec-9cd1-7fc2a07eebd5":{"type":"image","settings":{"heading":"","subheading":"Paw Print Tattoo","image":"shopify:\/\/shop_images\/IMG_3999.webp","link":""}},"523363b6-d934-4827-bf0f-a64652c0eff5":{"type":"image","settings":{"heading":"","subheading":"Paw Print Tattoo","image":"shopify:\/\/shop_images\/IMG_3996.webp","link":""}},"be0ffa37-a5e0-4896-94a7-8696347382aa":{"type":"image","settings":{"heading":"","subheading":"Paw Print Tattoo","image":"shopify:\/\/shop_images\/IMG_3998.webp","link":""}}},"block_order":["1fe3c9ae-ec65-49ca-bc4d-b74d0190bdaf","83cbf95d-5402-431a-8567-4a119d20ae0e","template--14658513338471__24f60b70-d1d8-495d-9472-b629667eec56-image-1","template--14658513338471__24f60b70-d1d8-495d-9472-b629667eec56-image-2","template--14658513338471__24f60b70-d1d8-495d-9472-b629667eec56-image-3","0808d135-749c-4ed7-91c6-500c48c146a3","c9db08bc-ac29-4eec-9cd1-7fc2a07eebd5","523363b6-d934-4827-bf0f-a64652c0eff5","be0ffa37-a5e0-4896-94a7-8696347382aa"],"settings":{"enable_fullwidth":true,"heading":"Get it Tattooed!","heading_size":"h2","gallery_style":"auto-slide","slide_direction":"right","image_style":"circle","image_size":"small","image_crop":false,"image_background":false,"bgcolor":"gradient","top_space_desktop":45,"bottom_space_desktop":45,"top_space_mobile":20,"bottom_space_mobile":20}},"8da3aa30-7618-4278-95d9-ba371af872ef":{"type":"tabbed-collage","blocks":{"template--14658944991335__8da3aa30-7618-4278-95d9-ba371af872ef-media-1":{"type":"media","settings":{"image":"shopify:\/\/shop_images\/Untitled_design-15.png","heading":"Frequently asked questions","description":"<p><strong>Q: Is this a messy project?<\/strong><\/p><p><strong>A: Mess-Free! Your pet doesn't touch the ink!<\/strong><\/p>","btn_as_link":false,"btn_text":"Button text","btn_link":""}},"template--14658944991335__8da3aa30-7618-4278-95d9-ba371af872ef-media-2":{"type":"media","settings":{"image":"shopify:\/\/shop_images\/Untitled_design-133.png","heading":"Product Sizes","description":"<p><strong>(S-M)<\/strong> Usable ink size 9.4 x 5.7 cm <\/p><p><strong>(M-L)<\/strong> Usable ink size 12 x 7.5 cm <\/p><p><strong>(L-XL) <\/strong>Usable ink size 14.8cm x 9.8cm<\/p>","btn_as_link":false,"btn_text":"Button text","btn_link":""}},"template--14658944991335__8da3aa30-7618-4278-95d9-ba371af872ef-product-1":{"type":"product","disabled":true,"settings":{"product":"","heading":"Product Sizes","description":"<p>To provide clients insight into your brand, pair words with any image. Here you can tell a narrative, explain a product feature, or introduce a new campaign.<\/p>","btn_as_link":false,"btn_text":"Button text","btn_link":""}},"template--14658944991335__8da3aa30-7618-4278-95d9-ba371af872ef-product-2":{"type":"product","disabled":true,"settings":{"product":"","heading":"Heading","description":"<p>To provide clients insight into your brand, pair words with any image. Here you can tell a narrative, explain a product feature, or introduce a new campaign.<\/p>","btn_as_link":false,"btn_text":"Button text","btn_link":""}},"f26b541d-473d-4c07-a026-12823bec792f":{"type":"media","settings":{"image":"shopify:\/\/shop_images\/Untitled_design-141.png","heading":"Highlights","description":"<p><strong>Gift Idea<\/strong><\/p><p>A wonderful gift for holidays, birthdays, or simply to celebrate the bond between humans and their furry companions every day.<\/p><p><strong>Tattoo<\/strong><\/p><p>Paw print tattoos serve as enduring reminders of the love, joy, and impact that pets have on our lives, and they provide a visible symbol of the deep connection we feel towards them. <\/p><p><strong>Keepsake <\/strong><\/p><p>Paw and nose prints are a way to keep our pets' memory alive. As time goes on, these prints become precious mementos that help us remember and honor our beloved companions, even after they have passed. <\/p><p><strong>Memorial<\/strong><\/p><p>Paw and nose prints provide a beautiful and meaningful way to honor and memorialize a beloved pet, keeping their memory alive and providing a lasting source of solace and love. <\/p>","btn_as_link":false,"btn_text":"Button text","btn_link":""}}},"block_order":["template--14658944991335__8da3aa30-7618-4278-95d9-ba371af872ef-media-1","template--14658944991335__8da3aa30-7618-4278-95d9-ba371af872ef-media-2","template--14658944991335__8da3aa30-7618-4278-95d9-ba371af872ef-product-1","template--14658944991335__8da3aa30-7618-4278-95d9-ba371af872ef-product-2","f26b541d-473d-4c07-a026-12823bec792f"],"settings":{"enable_fullwidth":false,"media_alignment":"left","desktop_height":"500px","mobile_height":"300px","bgcolor":"primary","top_space_desktop":0,"bottom_space_desktop":50,"top_space_mobile":30,"bottom_space_mobile":30}},"db2cf4af-7e77-45e2-9fe1-98c69bab8524":{"type":"faq-section","blocks":{"template--14658513338471__db2cf4af-7e77-45e2-9fe1-98c69bab8524-faq-1":{"type":"faq","settings":{"heading":"Frequently asked question","answer":"<p><strong>Q: Is this a messy project?<\/strong><\/p><p><strong>A: Mess-Free! Your pet doesn't touch the ink!<\/strong><\/p>"}},"template--14658513338471__db2cf4af-7e77-45e2-9fe1-98c69bab8524-faq-2":{"type":"faq","settings":{"heading":"Product Sizes","answer":"<p><strong>(S-M)<\/strong> Usable ink size 9.4 x 5.7 cm <\/p><p><strong>(M-L)<\/strong> Usable ink size 12 x 7.5 cm <\/p><p><strong>(L-XL) <\/strong>Usable ink size 14.8cm x 9.8cm<\/p>"}},"template--14658513338471__db2cf4af-7e77-45e2-9fe1-98c69bab8524-faq-3":{"type":"faq","settings":{"heading":"Highlights","answer":"<p><strong>Gift Idea<\/strong><\/p><p>A wonderful gift for holidays, birthdays, or simply to celebrate the bond between humans and their furry companions every day.<\/p><p><strong>Tattoo<\/strong><\/p><p>Paw print tattoos serve as enduring reminders of the love, joy, and impact that pets have on our lives, and they provide a visible symbol of the deep connection we feel towards them. <\/p><p><strong>Keepsake <\/strong><\/p><p>Paw and nose prints are a way to keep our pets' memory alive. As time goes on, these prints become precious mementos that help us remember and honor our beloved companions, even after they have passed. <\/p><p><strong>Memorial<\/strong><\/p><p>Paw and nose prints provide a beautiful and meaningful way to honor and memorialize a beloved pet, keeping their memory alive and providing a lasting source of solace and love. <\/p>"}}},"block_order":["template--14658513338471__db2cf4af-7e77-45e2-9fe1-98c69bab8524-faq-1","template--14658513338471__db2cf4af-7e77-45e2-9fe1-98c69bab8524-faq-2","template--14658513338471__db2cf4af-7e77-45e2-9fe1-98c69bab8524-faq-3"],"disabled":true,"settings":{"heading":"FAQs","bgcolor":"primary","row_bgcolor":"secondary","top_space_desktop":30,"bottom_space_desktop":30,"top_space_mobile":30,"bottom_space_mobile":30}},"6cf7bc97-dd54-475a-9bff-20c3912ab04b":{"type":"multi-image-with-text","blocks":{"template--16809124299045__6cf7bc97-dd54-475a-9bff-20c3912ab04b-166781832969539b4d-0":{"type":"heading","settings":{"heading":"Multi image with text","heading_size":"h2"}},"template--16809124299045__6cf7bc97-dd54-475a-9bff-20c3912ab04b-166781832969539b4d-1":{"type":"image","settings":{"image_shadow":true,"bgcolor":"secondary","image_shadow_color":"#d1c9c4"}},"template--16809124299045__6cf7bc97-dd54-475a-9bff-20c3912ab04b-166781832969539b4d-2":{"type":"text","settings":{"content":"<p>To provide clients insight into your brand, pair words with any image. Here you can tell a narrative, explain a product feature, or introduce a new campaign.<\/p>"}}},"block_order":["template--16809124299045__6cf7bc97-dd54-475a-9bff-20c3912ab04b-166781832969539b4d-0","template--16809124299045__6cf7bc97-dd54-475a-9bff-20c3912ab04b-166781832969539b4d-1","template--16809124299045__6cf7bc97-dd54-475a-9bff-20c3912ab04b-166781832969539b4d-2"],"disabled":true,"settings":{"text_alignment":"left","top_space_desktop":30,"bottom_space_desktop":30,"top_space_mobile":30,"bottom_space_mobile":30}},"8c17cb82-109c-4b83-968b-5a4214762d42":{"type":"collage","blocks":{"d96de0bb-5c3d-4d9d-9ede-c02f96e0f65c":{"type":"image","settings":{"image_width":"col-md-4","image":"shopify:\/\/shop_images\/Untitleddesign-3_e6a52ac2-4cbb-49cc-956a-ad361b50f9c8.png","heading":"Heading","heading_size":"h2","subheading":"Sub heading","link":"","btn_text":"","outline_button":false,"button_size":"xsmall","overlayopacity":50,"desktop_content_position":"d-center","mobile_content_position":"m-center","overlaycolor":"rgba(0,0,0,0)","textcolor":"#000000","button_text_color":"#ffffff","button_bg_color":"#000000","button_border_color":"#000000"}},"6bc36cab-3762-4af3-baea-4a3ea05db1e1":{"type":"image","settings":{"image_width":"col-md-4","heading":"Heading","heading_size":"h2","subheading":"Sub heading","link":"","btn_text":"","outline_button":false,"button_size":"xsmall","overlayopacity":0,"desktop_content_position":"d-center","mobile_content_position":"m-center","overlaycolor":"rgba(0,0,0,0)","textcolor":"#000000","button_text_color":"#ffffff","button_bg_color":"#000000","button_border_color":"#000000"}},"9a2a28fc-fa77-4d0f-a123-c29095a1655e":{"type":"image","settings":{"image_width":"col-md-4","heading":"Heading","heading_size":"h2","subheading":"Sub heading","link":"","btn_text":"","outline_button":false,"button_size":"xsmall","overlayopacity":0,"desktop_content_position":"d-center","mobile_content_position":"m-center","overlaycolor":"#000000","textcolor":"#000000","button_text_color":"#ffffff","button_bg_color":"#000000","button_border_color":"#000000"}}},"block_order":["d96de0bb-5c3d-4d9d-9ede-c02f96e0f65c","6bc36cab-3762-4af3-baea-4a3ea05db1e1","9a2a28fc-fa77-4d0f-a123-c29095a1655e"],"disabled":true,"settings":{"enable_fullwidth":false,"image_layout":"rounded","image_radius_desktop":10,"image_radius_mobile":10,"heading_size":"h2","button_size":"xsmall","space_in_images":true,"image_spacing_desktop":10,"image_spacing_mobile":10,"bgcolor":"primary","top_space_desktop":0,"bottom_space_desktop":45,"top_space_mobile":35,"bottom_space_mobile":0}},"5342d38b-046c-44b9-a78c-f6518b9c54bc":{"type":"featured-collections-carousel","blocks":{"template--14658513338471__5342d38b-046c-44b9-a78c-f6518b9c54bc-collection-1":{"type":"collection","settings":{"collection":"","image":"shopify:\/\/shop_images\/1_53d250b8-f0ba-46fd-ad8d-dac772c69bd8.png","heading":"Paw Prints","subheading":"","headingcolor":"#ffffff","subheadingcolor":"#000000"}},"template--14658513338471__5342d38b-046c-44b9-a78c-f6518b9c54bc-collection-2":{"type":"collection","settings":{"collection":"","image":"shopify:\/\/shop_images\/3_bfbf285a-babe-471e-87ef-20e283838279.png","heading":"Nose Prints","subheading":"","headingcolor":"#ffffff","subheadingcolor":"#000000"}},"template--14658513338471__5342d38b-046c-44b9-a78c-f6518b9c54bc-collection-3":{"type":"collection","settings":{"collection":"","image":"shopify:\/\/shop_images\/Untitled_design-140.png","heading":"Clay Print Kits","subheading":"","headingcolor":"#ffffff","subheadingcolor":"#000000"}},"template--14658513338471__5342d38b-046c-44b9-a78c-f6518b9c54bc-collection-4":{"type":"collection","disabled":true,"settings":{"collection":"","heading":"","subheading":"","headingcolor":"#000000","subheadingcolor":"#000000"}}},"block_order":["template--14658513338471__5342d38b-046c-44b9-a78c-f6518b9c54bc-collection-1","template--14658513338471__5342d38b-046c-44b9-a78c-f6518b9c54bc-collection-2","template--14658513338471__5342d38b-046c-44b9-a78c-f6518b9c54bc-collection-3","template--14658513338471__5342d38b-046c-44b9-a78c-f6518b9c54bc-collection-4"],"settings":{"style":"style2","enable_fullwidth":true,"heading":"","heading_size":"h2","subheading":"","description":"","btntext":"","btnlink":"shopify:\/\/collections","button_size":"default","bgcolor":"gradient","top_space_desktop":40,"bottom_space_desktop":40,"top_space_mobile":15,"bottom_space_mobile":35}},"product_recommendations":{"type":"product_recommendations","settings":{"heading":"Recommended Products","products_count":8,"product_grid_radius_desktop":10,"product_grid_radius_mobile":10,"product_grid_spacing_desktop":10,"product_grid_spacing_mobile":10,"bgcolor":"primary","top_space_desktop":60,"bottom_space_desktop":60,"top_space_mobile":30,"bottom_space_mobile":20}},"166133727946ffaeaa":{"type":"text-with-icons","blocks":{"5f2a17c3-6834-4f30-ac33-dd871134b6c4":{"type":"column","settings":{"icon":"heart","heading":"Small Business, Big Heart","subtext":""}},"1619ab47-2031-4339-961b-21ca08f7f33e":{"type":"column","settings":{"icon":"shipping","heading":"100% Family Owned + Operated","subtext":""}},"f37730b5-14aa-462c-bbfe-db24fa287e5b":{"type":"column","settings":{"icon":"gift","heading":"Coolest Gift Idea","subtext":""}},"d192928f-441f-42d2-852c-5e1864672797":{"type":"column","settings":{"icon":"thumb","heading":"As Seen on Tik Tok","subtext":""}}},"block_order":["5f2a17c3-6834-4f30-ac33-dd871134b6c4","1619ab47-2031-4339-961b-21ca08f7f33e","f37730b5-14aa-462c-bbfe-db24fa287e5b","d192928f-441f-42d2-852c-5e1864672797"],"settings":{"column_background":false,"mobile_column_count":"2","icon_background":false,"icon_position":"top","bgcolor":"gradient","column_background_color":"#ffffff","icon_background_color":"#ffffff","top_space_desktop":25,"bottom_space_desktop":25,"top_space_mobile":30,"bottom_space_mobile":30}},"1693293374d3034e1d":{"type":"apps","blocks":{"6534887c-4b0f-4dce-887f-7be8d88b4d94":{"type":"shopify:\/\/apps\/stamped-product-reviews-ugc\/blocks\/main-widget\/a103faaf-2125-4b0e-89fa-de5149736723","settings":{"animation":true,"tags_exclude":"","tags_include":"","search":"","linkify":true,"use_metafields":false,"sku_tagtype":"sku"}}},"block_order":["6534887c-4b0f-4dce-887f-7be8d88b4d94"],"settings":{"top_space_desktop":30,"bottom_space_desktop":30,"top_space_mobile":30,"bottom_space_mobile":30}}},"order":["f94ddbbf-fbc6-4980-bfae-79969c5a34aa","ad26599f-1168-4d44-b20d-8bbe47a63dfa","main-product","24f60b70-d1d8-495d-9472-b629667eec56","8da3aa30-7618-4278-95d9-ba371af872ef","db2cf4af-7e77-45e2-9fe1-98c69bab8524","6cf7bc97-dd54-475a-9bff-20c3912ab04b","8c17cb82-109c-4b83-968b-5a4214762d42","5342d38b-046c-44b9-a78c-f6518b9c54bc","product_recommendations","166133727946ffaeaa","1693293374d3034e1d"]}