{"current":{"page_width":1600,"section_vertical_spacing":"medium","section_boxed_horizontal_spacing":"large","button_border_radius":60,"input_border_radius":8,"block_border_radius":24,"block_shadow_opacity":10,"block_shadow_vertical_offset":18,"icon_stroke_width":2,"icon_style":"duo","button_style":"fill","button_hover_effect":"reverse","background":"#f1f1f1","text_color":"#1d2958","success_color":"#58a61c","warning_color":"#e37e16","error_color":"#aa2826","header_background":"#ffffff","header_text_color":"#1d2958","footer_background":"#fafafa","footer_text_color":"#1d2958","dialog_background":"#ffffff","primary_button_background":"#1d2958","primary_button_text_color":"#ffffff","secondary_button_background":"#ffb74a","secondary_button_text_color":"#1d2958","product_card_text_color":"#000000","product_on_sale_accent":"#e34f4f","product_sold_out_badge_background":"#bebdb9","product_primary_badge_background":"#78bae6","heading_font":"poppins_n7","heading_font_size":"large","heading_text_transform":"uppercase","heading_letter_spacing":-1,"text_font":"poppins_n4","text_font_size_mobile":15,"text_font_size_desktop":15,"currency_code_enabled":true,"show_page_transition":true,"zoom_image_on_hover":true,"reduce_drawer_animation":true,"reduce_menu_animation":true,"heading_apparition":"split_fade","color_swatch_style":"round","show_vendor":true,"show_secondary_image":true,"show_quick_buy":true,"show_product_rating":true,"discount_mode":"saving","product_color_display":"swatch","product_image_aspect_ratio":"square","product_info_alignment":"start","cart_type":"drawer","cart_show_free_shipping_threshold":true,"cart_free_shipping_threshold":0,"social_facebook":"","social_twitter":"","social_pinterest":"","social_instagram":"","social_snapchat":"","favicon":"shopify:\/\/shop_images\/ico_8bb26bc6-ef4a-47ea-9985-3426fa37ea61.png","checkout_logo_image":"shopify:\/\/shop_images\/Logo_main.png","checkout_logo_size":"medium","checkout_body_background_color":"#eaf7ff","checkout_sidebar_background_color":"#ffffff","checkout_heading_font":"Raleway","checkout_body_font":"Lato","checkout_accent_color":"#3c619e","checkout_button_color":"#ffb74a","sections":{"announcement-bar":{"type":"announcement-bar","blocks":{"8a3a72a1-4e6f-438c-9658-01f3faf85df6":{"type":"message","settings":{"text":"WORLD WIDE - Free Shipping 5-11 days delivery, our products are up to 25% discount.","url":"shopify:\/\/collections\/all"}}},"block_order":["8a3a72a1-4e6f-438c-9658-01f3faf85df6"],"settings":{"enable_sticky":false,"text_size":"text-base","navigation_mode":"scrolling","scrolling_speed":26,"background":"#78bae6","background_gradient":"","text_color":"#1d2958"}},"header":{"type":"header","settings":{"enable_sticky":true,"hide_on_scroll":false,"logo":"shopify:\/\/shop_images\/Logo_main.png","logo_max_width":300,"logo_mobile_max_width":160,"menu":"main-menu","sidebar_menu":"","secondary_menu":"","menu_open_trigger":"hover","opening_from":"bottom","layout":"logo_left_navigation_center","show_social_media":true,"show_locale_selector":false,"show_country_selector":false,"show_country_flag":true,"show_country_name":true,"transparent_header_text_color":"#ffffff","reduce_padding":false,"background_opacity":100,"background_blur_radius":0}},"footer":{"type":"footer","blocks":{"aa601ff0-2b64-42c7-a6a7-3e4fe414500c":{"type":"text","settings":{"title":"Who are we?","content":"<p>At FurryPawsNation, we are more than just a brand that sells products for domestic animals. We are a community of pet lovers who share a common passion for the happiness and welfare of our furry friends. <\/p>"}},"links":{"type":"links","settings":{"menu":"","show_menu_title":true}},"f6abc594-aa9a-4b9f-b164-562a0198751d":{"type":"links","settings":{"menu":"footer","show_menu_title":true}},"a2f98bc6-1fba-447d-8428-7a1184b7e67e":{"type":"links","settings":{"menu":"our-supporters","show_menu_title":true}},"newsletter":{"type":"newsletter","settings":{"image_width":150,"heading_size":"h5","title":"Sign up for news and keep updates on new products!","content":""}}},"block_order":["aa601ff0-2b64-42c7-a6a7-3e4fe414500c","links","f6abc594-aa9a-4b9f-b164-562a0198751d","a2f98bc6-1fba-447d-8428-7a1184b7e67e","newsletter"],"settings":{"show_social_media":true,"show_payment_icons":true,"show_country_selector":true,"show_country_flag":true,"show_country_name":true,"show_locale_selector":true,"show_privacy_bar":true,"privacy_bar_title":"Cookie policy","privacy_bar_content":"<p>We use cookies and similar technologies to provide the best experience on our website. Refer to our Privacy Policy for more information.<\/p>"}},"static-text-with-icons":{"type":"static-text-with-icons","blocks":{"free-shipping":{"type":"item","settings":{"icon":"picto-truck","mobile_icon_width":24,"icon_width":44,"icon_background_type":"none","icon_background":"","icon_color":"","title":"Free Shipping","content":"<p>Get free shipping on all orders, fast shipping 6 to 10 days.<\/p>"}},"customer-support":{"type":"item","settings":{"icon":"picto-return","mobile_icon_width":24,"icon_width":44,"icon_background_type":"none","icon_background":"","icon_color":"","title":"Easy Returns","content":"<p>We accept returns on all items, 100% money back guaranteed.<\/p>"}},"discount":{"type":"item","settings":{"icon":"picto-coupon","mobile_icon_width":24,"icon_width":44,"icon_background_type":"none","icon_background":"","icon_color":"","title":"Discounts Every Month","content":"<p>Get 15% to 25% discounts every single month on all products.<\/p>"}},"payment":{"type":"item","settings":{"icon":"picto-credit-card","mobile_icon_width":24,"icon_width":44,"icon_background_type":"none","icon_background":"","icon_color":"","title":"Secure Payment","content":"<p>Your payment information is processed securely with Stripe.<\/p>"}}},"block_order":["free-shipping","customer-support","discount","payment"],"settings":{"show_section":true,"full_width":true,"heading_tag":"h6","text_alignment":"center","icon_spacing":"small","background":"#1d2958","background_gradient":"","text_color":"#ffffff"}},"cart-drawer":{"type":"cart-drawer","settings":{"show_cart_note":false,"show_shipping_text":true,"show_checkout_button":true,"recommendations_title":"Trending this month","products":[],"product_card_background":"#f2f2f2","product_card_text_color":""}},"search-drawer":{"type":"search-drawer","settings":{"full_width":false,"show_article_category":false,"search_products":true,"search_blog_posts":false,"search_pages":false,"search_collections":true,"search_unavailable_products":"last","search_menu":"","search_menu_show_title":true}},"newsletter-popup":{"type":"newsletter-popup","settings":{"enable":true,"apparition_delay":5,"show_only_on_index":true,"show_only_for_visitors":false,"show_only_once":true,"title":"Signup for our newsletter","button_text":"SUBSCRIBE","subtext":"Subscribe to get notified about new stories, news and personal offers."}}},"content_for_index":[],"blocks":{"judgeme_core_3c8129cf":{"type":"shopify:\/\/apps\/judge-me-product-reviews\/blocks\/judgeme_core\/61ccd3b1-a9f2-4160-9fe9-4fec8413e5d8","disabled":false,"settings":{}},"776302416715791028":{"type":"shopify:\/\/apps\/bucks-currency-converter-pro\/blocks\/app-embed\/4f0a9b06-9da4-4a49-b378-2de9d23a3af3","disabled":false,"settings":{}}}},"presets":{"Sound":{"section_vertical_spacing":"medium","button_border_radius":60,"input_border_radius":8,"block_border_radius":24,"block_shadow_opacity":10,"block_shadow_vertical_offset":18,"background":"#f0f0f0","text_color":"#1a1a1a","header_background":"#f0f0f0","header_text_color":"#1a1a1a","footer_background":"#ffffff","footer_text_color":"#1a1a1a","primary_button_background":"#1a1a1a","primary_button_text_color":"#ffffff","secondary_button_background":"#f0c417","secondary_button_text_color":"#1a1a1a","product_card_text_color":"#1a1a1a","product_primary_badge_background":"#803cee","heading_font":"din_next_n7","heading_font_size":"large","heading_letter_spacing":-2,"text_font":"din_next_n4","show_page_transition":true,"heading_apparition":"split_fade","product_color_display":"swatch","product_info_alignment":"start","checkout_accent_color":"#f0c417","checkout_button_color":"#1a1a1a","sections":{"announcement-bar":{"type":"announcement-bar","blocks":{"message":{"type":"message","settings":{"text":"Announce something here"}}},"block_order":["message"],"settings":{"enable_sticky":false,"text_size":"text-xs","navigation_mode":"scrolling","scrolling_speed":10,"background":"#1a1a1a","text_color":"#ffffff"}},"header":{"type":"header","settings":{"enable_sticky":true,"hide_on_scroll":false,"logo":"{{shop.brand.logo}}","logo_max_width":120,"logo_mobile_max_width":100,"menu":"main-menu","menu_open_trigger":"click","opening_from":"bottom","layout":"logo_left_navigation_center","show_social_media":true,"show_country_flag":true,"show_country_name":false,"transparent_header_text_color":"#ffffff","reduce_padding":false,"background_opacity":100,"background_blur_radius":0}},"cart-drawer":{"type":"cart-drawer","settings":{"show_cart_note":true,"show_shipping_text":true,"show_checkout_button":true,"product_card_background":"#ffffff"}},"search-drawer":{"type":"search-drawer","settings":{"full_width":true,"show_article_category":true,"search_products":true,"search_blog_posts":true,"search_pages":true,"search_collections":true,"search_unavailable_products":"last"}},"static-text-with-icons":{"type":"static-text-with-icons","blocks":{"free-shipping":{"type":"item","settings":{"icon":"picto-box","mobile_icon_width":24,"icon_width":24,"icon_background_type":"none","title":"Free shipping","content":"<p>Tell your customers about your shipping offer.<\/p>"}},"customer-support":{"type":"item","settings":{"icon":"picto-customer-support","mobile_icon_width":24,"icon_width":24,"icon_background_type":"none","title":"Customer service","content":"<p>Tell your customers how they can reach you.<\/p>"}},"discount":{"type":"item","settings":{"icon":"picto-coupon","mobile_icon_width":24,"icon_width":24,"icon_background_type":"none","title":"Refer a friend","content":"<p>Tell your customers about your promotional offers.<\/p>"}},"payment":{"type":"item","settings":{"icon":"picto-lock","mobile_icon_width":24,"icon_width":24,"icon_background_type":"none","title":"Secure payment","content":"<p>Tel your customers about your payment methods.<\/p>"}}},"block_order":["free-shipping","customer-support","discount","payment"],"settings":{"show_section":true,"full_width":true,"heading_tag":"h6","text_alignment":"center","icon_spacing":"small"}},"footer":{"type":"footer","blocks":{"newsletter":{"type":"newsletter","settings":{"image":"{{shop.brand.logo}}","image_width":150,"heading_size":"h3","title":"Sign up for new stories and personal offers"}},"links":{"type":"links","settings":{"menu":"footer","show_menu_title":true}},"text":{"type":"text","settings":{"title":"About","content":"<p>Use this text area to tell your customers about your brand and vision. You can change it in the theme editor.<\/p>"}}},"block_order":["newsletter","links","text"],"settings":{"show_social_media":true,"show_payment_icons":true,"show_country_selector":true,"show_country_flag":true,"show_country_name":true,"show_locale_selector":true,"show_privacy_bar":true,"privacy_bar_title":"Cookie policy","privacy_bar_content":"<p>We use cookies and similar technologies to provide the best experience on our website. Refer to our Privacy Policy for more information.<\/p>"}}}},"Home":{"section_vertical_spacing":"medium","section_boxed_horizontal_spacing":"large","button_hover_effect":"reverse","background":"#ffffff","text_color":"#272727","success_color":"#708a5c","warning_color":"#e37e16","error_color":"#aa2826","header_background":"#ffffff","header_text_color":"#272727","footer_background":"#f2f2f2","footer_text_color":"#272727","primary_button_background":"#272727","primary_button_text_color":"#ffffff","secondary_button_background":"#3c619e","secondary_button_text_color":"#ffffff","product_card_text_color":"#272727","product_on_sale_accent":"#e34f4f","product_sold_out_badge_background":"#bebdb9","product_primary_badge_background":"#3c619e","heading_font":"futura_n7","heading_font_size":"large","heading_text_transform":"normal","heading_letter_spacing":-1,"text_font":"futura_n4","heading_apparition":"split_rotation","color_swatch_style":"rectangle","product_color_display":"swatch","cart_type":"drawer","checkout_body_background_color":"#f2f2f2","checkout_sidebar_background_color":"#ffffff","checkout_accent_color":"#3c619e","checkout_button_color":"#3c619e","sections":{"announcement-bar":{"type":"announcement-bar","blocks":{"message":{"type":"message","settings":{"text":"Announce something here"}}},"block_order":["message"],"settings":{"enable_sticky":false,"text_size":"text-xs","navigation_mode":"arrows","scrolling_speed":20,"background":"#272727","text_color":"#ffffff"}},"header":{"type":"header","settings":{"enable_sticky":true,"hide_on_scroll":false,"logo":"{{shop.brand.logo}}","logo_max_width":120,"logo_mobile_max_width":100,"menu":"main-menu","menu_open_trigger":"hover","opening_from":"bottom","layout":"logo_center_navigation_inline","show_social_media":true,"show_country_flag":true,"show_country_name":false,"transparent_header_text_color":"#ffffff","reduce_padding":false,"background_opacity":100,"background_blur_radius":0}},"footer":{"type":"footer","blocks":{"newsletter":{"type":"newsletter","settings":{"image":"{{shop.brand.logo}}","image_width":150,"heading_size":"h3","title":"Sign up for new stories and personal offers"}},"links":{"type":"links","settings":{"menu":"footer","show_menu_title":true}},"text":{"type":"text","settings":{"title":"About","content":"<p>Use this text area to tell your customers about your brand and vision. You can change it in the theme editor.<\/p>"}}},"block_order":["newsletter","links","text"],"settings":{"show_social_media":true,"show_payment_icons":true,"show_locale_selector":true,"show_country_selector":true,"show_country_flag":true,"show_country_name":true,"show_privacy_bar":true,"privacy_bar_title":"Cookie policy","privacy_bar_content":"<p>We use cookies and similar technologies to provide the best experience on our website. Refer to our Privacy Policy for more information.<\/p>"}},"static-text-with-icons":{"type":"static-text-with-icons","blocks":{"free-shipping":{"type":"item","settings":{"icon":"picto-box","mobile_icon_width":24,"icon_width":24,"icon_background_type":"none","title":"Free shipping","content":"<p>Tell your customers about your shipping offer.<\/p>"}},"customer-support":{"type":"item","settings":{"icon":"picto-customer-support","mobile_icon_width":24,"icon_width":24,"icon_background_type":"none","title":"Customer service","content":"<p>Tell your customers how they can reach you.<\/p>"}},"discount":{"type":"item","settings":{"icon":"picto-coupon","mobile_icon_width":24,"icon_width":24,"icon_background_type":"none","title":"Refer a friend","content":"<p>Tell your customers about your promotional offers.<\/p>"}},"payment":{"type":"item","settings":{"icon":"picto-lock","mobile_icon_width":24,"icon_width":24,"icon_background_type":"none","title":"Secure payment","content":"<p>Tel your customers about your payment methods.<\/p>"}}},"block_order":["free-shipping","customer-support","discount","payment"],"settings":{"show_section":true,"full_width":true,"heading_tag":"h6","text_alignment":"center","icon_spacing":"small"}},"cart-drawer":{"type":"cart-drawer","settings":{"show_cart_note":true,"show_shipping_text":true,"show_checkout_button":true,"product_card_background":"#f2f2f2"}},"search-drawer":{"type":"search-drawer","settings":{"full_width":false,"show_article_category":true,"search_products":true,"search_blog_posts":true,"search_pages":false,"search_collections":true,"search_unavailable_products":"last"}}}},"Shape":{"page_width":1440,"section_vertical_spacing":"small","section_boxed_horizontal_spacing":"medium","button_border_radius":60,"input_border_radius":8,"block_border_radius":20,"icon_stroke_width":1.5,"button_style":"fill","button_hover_effect":"reverse","text_color":"#2a555a","header_background":"#ffffff","header_text_color":"#2a555a","footer_background":"#f7f7f7","footer_text_color":"#2a555a","primary_button_background":"#2a555a","primary_button_text_color":"#ffffff","secondary_button_background":"#d9967e","product_card_text_color":"#2a555a","heading_font":"itc_berkeley_old_style_n4","heading_font_size":"large","heading_text_transform":"normal","heading_letter_spacing":-1,"text_font":"muli_n4","text_font_size_desktop":15,"product_color_display":"swatch","product_info_alignment":"center","sections":{"announcement-bar":{"type":"announcement-bar","blocks":{"message":{"type":"message","settings":{"text":"Announce something here"}}},"block_order":["message"],"settings":{"enable_sticky":false,"text_size":"text-xs","navigation_mode":"scrolling","scrolling_speed":12,"background":"#2a555a","text_color":"#ffffff"}},"header":{"type":"header","settings":{"enable_sticky":true,"hide_on_scroll":false,"logo":"{{shop.brand.logo}}","logo_max_width":120,"logo_mobile_max_width":100,"menu":"main-menu","menu_open_trigger":"click","opening_from":"bottom","layout":"logo_center_navigation_inline","show_social_media":true,"show_country_flag":true,"show_country_name":false,"transparent_header_text_color":"#ffffff","reduce_padding":false,"background_opacity":20,"background_blur_radius":20}},"cart-drawer":{"type":"cart-drawer","settings":{"show_cart_note":true,"show_shipping_text":true,"show_checkout_button":true}},"search-drawer":{"type":"search-drawer","settings":{"full_width":false,"show_article_category":true,"search_products":true,"search_blog_posts":true,"search_pages":true,"search_collections":true,"search_unavailable_products":"last"}},"static-text-with-icons":{"type":"static-text-with-icons","blocks":{"free-shipping":{"type":"item","settings":{"icon":"picto-box","mobile_icon_width":24,"icon_width":24,"icon_background_type":"none","title":"Free shipping","content":"<p>Tell your customers about your shipping offer.<\/p>"}},"customer-support":{"type":"item","settings":{"icon":"picto-customer-support","mobile_icon_width":24,"icon_width":24,"icon_background_type":"none","title":"Customer service","content":"<p>Tell your customers how they can reach you.<\/p>"}},"discount":{"type":"item","settings":{"icon":"picto-coupon","mobile_icon_width":24,"icon_width":24,"icon_background_type":"none","title":"Refer a friend","content":"<p>Tell your customers about your promotional offers.<\/p>"}},"payment":{"type":"item","settings":{"icon":"picto-lock","mobile_icon_width":24,"icon_width":24,"icon_background_type":"none","title":"Secure payment","content":"<p>Tel your customers about your payment methods.<\/p>"}}},"block_order":["free-shipping","customer-support","discount","payment"],"settings":{"show_section":true,"full_width":true,"heading_tag":"h4","text_alignment":"center","icon_spacing":"small"}},"footer":{"type":"footer","blocks":{"newsletter":{"type":"newsletter","settings":{"image":"{{shop.brand.logo}}","image_width":150,"heading_size":"h3","title":"Sign up for new stories and personal offers"}},"links":{"type":"links","settings":{"menu":"footer","show_menu_title":true}},"text":{"type":"text","settings":{"title":"About","content":"<p>Use this text area to tell your customers about your brand and vision. You can change it in the theme editor.<\/p>"}}},"block_order":["newsletter","links","text"],"settings":{"show_social_media":true,"show_payment_icons":true,"show_country_selector":true,"show_country_flag":true,"show_country_name":true,"show_locale_selector":true,"show_privacy_bar":true,"privacy_bar_title":"Cookie policy","privacy_bar_content":"<p>We use cookies and similar technologies to provide the best experience on our website. Refer to our Privacy Policy for more information.<\/p>"}}}}}}