{"sections":{"6e7d78fe-8587-4440-9e16-527aa754b122":{"type":"video","blocks":{"template--18843437302095__6e7d78fe-8587-4440-9e16-527aa754b122-1682338432e54fe8cc-1":{"type":"heading","settings":{"text":"Embrace the Joy of Furry Companionship","heading_tag":"h3"}},"4d6f1979-9cda-4df6-ac42-3592ff35c445":{"type":"button","settings":{"style":"fill","size":"lg","text":"SHOP NOW","url":"shopify:\/\/collections\/all","background":"#ffb74a","text_color":"#1d2958"}}},"block_order":["template--18843437302095__6e7d78fe-8587-4440-9e16-527aa754b122-1682338432e54fe8cc-1","4d6f1979-9cda-4df6-ac42-3592ff35c445"],"settings":{"full_width":true,"allow_transparent_header":false,"autoplay":true,"video_size":"auto","external_video_url":"https:\/\/vimeo.com\/820496891?share=copy","text_color":"#ffffff","overlay_color":"#000000","overlay_opacity":30}},"b6eea521-8d0c-4021-97d1-8f71c6314c78":{"type":"media-with-text","blocks":{"template--18843437302095__b6eea521-8d0c-4021-97d1-8f71c6314c78-1682281586588f14a4-0":{"type":"image","settings":{"image":"shopify:\/\/shop_images\/cat.jpg","media_width":50,"media_position":"end","text_position":"place-self-center-start text-start","icon":"picto-box","icon_width":48,"subheading":"","title":"Connecting Hearts, Paws and Smiles","content":"<p>Welcome to FurryPawsNation, where we're passionate about providing top-quality products for domestic animals! As a brand dedicated to the well-being of pets, we offer a wide range of products that are designed to enhance the lives of our furry companions.<\/p><p><\/p>","link_text":"","link_url":"","background":"#ffffff","background_gradient":"","text_color":"#1d2958","text_gradient":"","button_background":"","button_text_color":""}}},"block_order":["template--18843437302095__b6eea521-8d0c-4021-97d1-8f71c6314c78-1682281586588f14a4-0"],"settings":{"full_width":false,"enable_parallax":true,"spacing":"small"}},"d6721af4-4c4f-4bb4-8b5a-4883489f44fa":{"type":"scrolling-text","settings":{"full_width":true,"text":"OUR POPULAR PRODUCTS","text_size":"medium","text_style":"fill","scrolling_mode":"auto","scrolling_speed":10,"background":"","background_gradient":"","text_color":"#78bae6","text_gradient":""}},"561e9e83-1321-47bc-ac06-d2066af8dc96":{"type":"featured-collection","settings":{"collection":"","products":["portable-lightweight-dog-pooper-scooper-with-built-in-poop-bag-dispenser-eight-claw-shovel-for-pet-toilet-picker-pet-products","personalized-dog-harness-no-pull-reflective-breathable-adjustable-pet-harness-vest-for-small-large-dog-custom-patch-pet-supplies","pet-supplies-reflective-dog-leash","dog-cat-bath-brush-2-in-1-pet-spa-massage-comb-soft-silicone-pets-shower-hair-grooming-cmob-dog-cleaning-tool-pet-products","pet-comb-self-cleaning-pets-hair-remover-brush-for-dogs-grooming-tools-dematting-comb-built-in-mist-humidifier-pet-products","portable-cat-dog-water-bottle-food-feeder-drinker-poop-dispenser-3-in-1-leak-proof-multifunctional-dog-water-bottle"],"full_width":true,"stack_products":false,"show_progress_bar":true,"products_count":6,"products_per_row_mobile":"1","products_per_row_desktop":4,"subheading":"","title":"","content":"","link_url":"shopify:\/\/collections\/all","link_text":"View all","background":"","background_gradient":"","text_color":"","heading_color":"","heading_gradient":"","product_card_background":"","product_card_text_color":""}},"1c2cd7a5-4359-4ff9-a4b8-8924510715d8":{"type":"rich-text","blocks":{"template--18843437302095__1c2cd7a5-4359-4ff9-a4b8-8924510715d8-16823462267eac0902-1":{"type":"heading","settings":{"text":"Why shop from us?","heading_tag":"h1","text_color":"","gradient":""}},"template--18843437302095__1c2cd7a5-4359-4ff9-a4b8-8924510715d8-16823462267eac0902-2":{"type":"richtext","settings":{"content":"<p>💰Money Back Guarantee: If your items arrive <br\/>damaged or becomes defective with 15 days of normal \/ usage, we will <br\/>gladly issue out a replacement or refund.<\/p><p>✉️24\/7 Customer Support: Please only contact us if your inquiry is not answered here: <strong>furrypawsnation@petlover.com<\/strong><\/p><p>🔒Safe & Secure Checkouts: We use payment system supported by Stripe to <br\/>keep your personal and financial information protected.<\/p>"}}},"block_order":["template--18843437302095__1c2cd7a5-4359-4ff9-a4b8-8924510715d8-16823462267eac0902-1","template--18843437302095__1c2cd7a5-4359-4ff9-a4b8-8924510715d8-16823462267eac0902-2"],"settings":{"full_width":true,"content_width":"small","text_position":"center","background":"","background_gradient":"","text_color":""}},"47d30556-0100-4e88-9e28-129fd497a6fa":{"type":"media-grid","blocks":{"template--18843437302095__47d30556-0100-4e88-9e28-129fd497a6fa-16822834799b5cb5e2-0":{"type":"image","settings":{"image":"shopify:\/\/shop_images\/3.jpg","title":"PERSONALIZED DOG HARNESS WITH REFLECTIVE AND BREATHABLE DESIGN","heading_tag":"h4","link_url":"shopify:\/\/products\/personalized-dog-harness-no-pull-reflective-breathable-adjustable-pet-harness-vest-for-small-large-dog-custom-patch-pet-supplies","link_text":"","mobile_text_position":"place-self-center text-center","desktop_column_span":2,"desktop_row_span":1,"desktop_text_position":"sm:place-self-center sm:text-center","background":"#000000","background_gradient":"","text_color":"#ffffff","text_gradient":"","button_background":"#000000","button_text_color":"#ffffff","overlay_color":"#000000","overlay_opacity":35}},"template--18843437302095__47d30556-0100-4e88-9e28-129fd497a6fa-16822834799b5cb5e2-1":{"type":"image","settings":{"image":"shopify:\/\/shop_images\/1.jpg","title":"FULL ON THE GO WITH THE 3-IN-1 PORTABLE PET WATER BOTTLE AND FOOD DISPENSER","heading_tag":"h4","link_url":"shopify:\/\/products\/portable-cat-dog-water-bottle-food-feeder-drinker-poop-dispenser-3-in-1-leak-proof-multifunctional-dog-water-bottle","link_text":"","mobile_text_position":"place-self-center text-center","desktop_column_span":2,"desktop_row_span":2,"desktop_text_position":"sm:place-self-center sm:text-center","background":"#000000","background_gradient":"","text_color":"#ffffff","text_gradient":"","button_background":"#000000","button_text_color":"#ffffff","overlay_color":"#000000","overlay_opacity":35}},"template--18843437302095__47d30556-0100-4e88-9e28-129fd497a6fa-16822834799b5cb5e2-2":{"type":"image","settings":{"image":"shopify:\/\/shop_images\/2.jpg","title":"COZY UP YOUR PUP THIS WINTER WITH KENNEL ROUND COTTON PET SLEEPING BED","heading_tag":"h4","link_url":"shopify:\/\/products\/kennel-round-cotton-pet-winter-warm-sleeping-bed-for-dogs","link_text":"","mobile_text_position":"place-self-center text-center","desktop_column_span":2,"desktop_row_span":1,"desktop_text_position":"sm:place-self-center sm:text-center","background":"#000000","background_gradient":"","text_color":"#ffffff","text_gradient":"","button_background":"#000000","button_text_color":"#ffffff","overlay_color":"#000000","overlay_opacity":35}}},"block_order":["template--18843437302095__47d30556-0100-4e88-9e28-129fd497a6fa-16822834799b5cb5e2-0","template--18843437302095__47d30556-0100-4e88-9e28-129fd497a6fa-16822834799b5cb5e2-1","template--18843437302095__47d30556-0100-4e88-9e28-129fd497a6fa-16822834799b5cb5e2-2"],"settings":{"full_width":true,"reduce_width":false,"desktop_row_height":290,"mobile_row_height":150,"background":"","background_gradient":""}},"9c9e3902-2b51-4ac1-88e2-fb77c4f5216f":{"type":"testimonials","blocks":{"template--18843437302095__9c9e3902-2b51-4ac1-88e2-fb77c4f5216f-16822810955b928104-0":{"type":"testimonial","settings":{"image":"shopify:\/\/shop_images\/1.1.png","round_avatar":true,"show_rating":true,"rating":5,"author":"James","title":"Review","content":"<p>I absolutely love the products I purchased from FurryPawsNation! The premium pet food and treats are of exceptional quality, and my fur babies can't get enough of them. The eco-friendly options are also a big plus for me as an environmentally-conscious pet owner. The customer service was outstanding, and I felt like I was part of a caring community of animal lovers.<\/p>"}},"template--18843437302095__9c9e3902-2b51-4ac1-88e2-fb77c4f5216f-16822810955b928104-1":{"type":"testimonial","settings":{"image":"shopify:\/\/shop_images\/2.png","round_avatar":true,"show_rating":true,"rating":5,"author":"Mary Ann","title":"Review","content":"<p>I've been a loyal customer of FurryPawsNation for years, and I'm always impressed with their wide selection of pet products. From cozy beds to durable toys, they have everything I need to keep my pets happy and healthy. The products are well-made and last a long time, and I appreciate the emphasis on sustainability. I also love being part of the FurryPawsNation community.<\/p>"}},"b83365c9-3337-4c88-8fd3-53d14fad9b6b":{"type":"testimonial","settings":{"image":"shopify:\/\/shop_images\/2_7ffec6ba-c4b5-4264-aaf4-c26d18a15fd2.png","round_avatar":true,"show_rating":true,"rating":5,"author":"Kattie","title":"Review","content":"<p>FurryPawsNation has been a game-changer for my pet care routine! The grooming and health care products I purchased are top-notch and have made a noticeable difference in my pet's well-being. The knowledgeable staff provided me with expert advice on choosing the right products for my pet's specific needs, and their customer service was outstanding.<\/p>"}}},"block_order":["template--18843437302095__9c9e3902-2b51-4ac1-88e2-fb77c4f5216f-16822810955b928104-0","template--18843437302095__9c9e3902-2b51-4ac1-88e2-fb77c4f5216f-16822810955b928104-1","b83365c9-3337-4c88-8fd3-53d14fad9b6b"],"settings":{"full_width":true,"stack_testimonials":true,"subheading":"","title":"WHAT OUR CLIENTS SAY   ABOUT US","content":"","link_url":"","link_text":"","background":"#f2f2f2","background_gradient":"","text_color":"#1d2958","heading_color":"","heading_gradient":"","testimonial_card_background":"","testimonial_card_text_color":""}},"b12d0ca0-9691-4e78-9072-d3009887da81":{"type":"newsletter","settings":{"full_width":true,"show_icon":true,"title":"SIGN UP TO OUR NEWSLETTER","content":"<p>Subscribe to get notified about new stories, news and personal offers.<\/p>","button_text":"Subscribe","subtext":"By completing this form you are signing up to receive our emails. You can unsubscribe at any time.","background":"#ffffff","background_gradient":"","text_color":"#1d2958","button_background":"#1d2958","button_text_color":"#ffffff"}},"main":{"type":"main-not-found","disabled":true,"settings":{}}},"order":["6e7d78fe-8587-4440-9e16-527aa754b122","b6eea521-8d0c-4021-97d1-8f71c6314c78","d6721af4-4c4f-4bb4-8b5a-4883489f44fa","561e9e83-1321-47bc-ac06-d2066af8dc96","1c2cd7a5-4359-4ff9-a4b8-8924510715d8","47d30556-0100-4e88-9e28-129fd497a6fa","9c9e3902-2b51-4ac1-88e2-fb77c4f5216f","b12d0ca0-9691-4e78-9072-d3009887da81","main"]}