{"sections":{"main":{"type":"main-article","blocks":{"navigation":{"type":"navigation","settings":{}},"comments":{"type":"comments","settings":{"show_gravatar":true,"comments_per_page":5}}},"block_order":["navigation","comments"],"settings":{"allow_transparent_header":true,"layout":"content_first","show_author":true,"show_date":true,"show_comments_count":true,"show_share_buttons":true,"banner_background":"#708a5c","banner_text_color":"#ffffff","overlay_color":"#000000","overlay_opacity":0,"content_width":"750px"}},"21da48fd-439f-4ccc-9d0e-8a9c5a1da4be":{"type":"press","blocks":{"template--17255571980597__21da48fd-439f-4ccc-9d0e-8a9c5a1da4be-1671781253f2e600c8-1":{"type":"quote","settings":{"logo":"shopify:\/\/shop_images\/clara_von.png","logo_width":100,"author":"","content":"Inspiration is everything you see, do and hear, awerely or not.","show_rating":false,"rating":5}}},"block_order":["template--17255571980597__21da48fd-439f-4ccc-9d0e-8a9c5a1da4be-1671781253f2e600c8-1"],"settings":{"full_width":true,"content_size":"medium","background":"#708a5c","background_gradient":"","text_color":"#ffffff","heading_color":"","heading_gradient":"","logo_item_background":"","logo_item_border":""}},"c146a09f-31a9-4f19-89ee-de3ef0f83dfa":{"type":"image-link-blocks","blocks":{"template--17315630350645__c146a09f-31a9-4f19-89ee-de3ef0f83dfa-16717844077c9c4443-0":{"type":"item","settings":{"image":"shopify:\/\/shop_images\/links-kitchen.jpg","stretch_image":false,"link_text":"Kitchen","link_url":"shopify:\/\/collections\/kitchen","background":"","text_color":"#000000","overlay_color":"#000000","overlay_opacity":0}},"template--17315630350645__c146a09f-31a9-4f19-89ee-de3ef0f83dfa-16717844077c9c4443-1":{"type":"item","settings":{"image":"shopify:\/\/shop_images\/links-decoration_9bc9dd15-dbbe-4f4a-bdb1-820206ad3384.jpg","stretch_image":false,"link_text":"Decoration","link_url":"shopify:\/\/collections\/decoration","background":"","text_color":"#000000","overlay_color":"#000000","overlay_opacity":0}},"template--17315630350645__c146a09f-31a9-4f19-89ee-de3ef0f83dfa-16717844077c9c4443-2":{"type":"item","settings":{"image":"shopify:\/\/shop_images\/links-office.jpg","stretch_image":false,"link_text":"Office","link_url":"shopify:\/\/collections\/office","background":"","text_color":"#000000","overlay_color":"#000000","overlay_opacity":0}},"template--17315630350645__c146a09f-31a9-4f19-89ee-de3ef0f83dfa-16717844077c9c4443-3":{"type":"item","settings":{"image":"shopify:\/\/shop_images\/links-lighting.jpg","stretch_image":false,"link_text":"Lighting","link_url":"shopify:\/\/collections\/lighting-1","background":"","text_color":"#000000","overlay_color":"#000000","overlay_opacity":0}},"7b840f61-7835-4f88-a524-bc159d05141c":{"type":"item","settings":{"image":"shopify:\/\/shop_images\/links-books.jpg","stretch_image":false,"link_text":"Books","link_url":"shopify:\/\/collections\/books","background":"","text_color":"#000000","overlay_color":"#000000","overlay_opacity":0}}},"block_order":["template--17315630350645__c146a09f-31a9-4f19-89ee-de3ef0f83dfa-16717844077c9c4443-0","template--17315630350645__c146a09f-31a9-4f19-89ee-de3ef0f83dfa-16717844077c9c4443-1","template--17315630350645__c146a09f-31a9-4f19-89ee-de3ef0f83dfa-16717844077c9c4443-2","template--17315630350645__c146a09f-31a9-4f19-89ee-de3ef0f83dfa-16717844077c9c4443-3","7b840f61-7835-4f88-a524-bc159d05141c"],"settings":{"full_width":true,"block_size":"large","subheading":"","title":"Explore the collections","content":"","link_url":"shopify:\/\/collections","link_text":"View all","background":"","background_gradient":"","text_color":"","heading_color":"","heading_gradient":""}},"a61ee2c7-b8cd-4936-ae7b-b9c12031b593":{"type":"scrolling-text","settings":{"full_width":true,"text":"Good design is everyone’s right","text_size":"large","text_style":"fill","scrolling_mode":"auto","scrolling_speed":10,"background":"","background_gradient":"","text_color":"#708a5c","text_gradient":""}}},"order":["main","21da48fd-439f-4ccc-9d0e-8a9c5a1da4be","c146a09f-31a9-4f19-89ee-de3ef0f83dfa","a61ee2c7-b8cd-4936-ae7b-b9c12031b593"]}