{"sections":{"main":{"type":"main-article","blocks":{"navigation":{"type":"navigation","settings":{}},"comments":{"type":"comments","settings":{"show_gravatar":true,"comments_per_page":5}}},"block_order":["navigation","comments"],"settings":{"allow_transparent_header":true,"layout":"content_first","show_author":true,"show_date":true,"show_comments_count":true,"show_share_buttons":true,"banner_background":"#f2cd88","banner_text_color":"","overlay_color":"#000000","overlay_opacity":0,"content_width":"750px"}},"7abf9f53-ed30-4d00-9f85-98f4b33701c8":{"type":"image-with-text-overlay","blocks":{"template--17315618128181__7abf9f53-ed30-4d00-9f85-98f4b33701c8-1671782417b99d272e-0":{"type":"subheading","settings":{"text":"Sowden Collection"}},"template--17315618128181__7abf9f53-ed30-4d00-9f85-98f4b33701c8-1671782417b99d272e-1":{"type":"heading","settings":{"text":"A collaboration with George   Sowden","heading_tag":"h1"}},"290643dd-eba9-4517-995b-ebc85476e105":{"type":"button","settings":{"style":"fill","size":"lg","text":"Learn more","url":"","background":"","text_color":""}}},"block_order":["template--17315618128181__7abf9f53-ed30-4d00-9f85-98f4b33701c8-1671782417b99d272e-0","template--17315618128181__7abf9f53-ed30-4d00-9f85-98f4b33701c8-1671782417b99d272e-1","290643dd-eba9-4517-995b-ebc85476e105"],"settings":{"full_width":true,"allow_transparent_header":false,"enable_parallax":false,"image_size":"auto","image":"shopify:\/\/shop_images\/Sowden_Bottle_light_pink_light_yellow_mint_Coffee_S_Travel_Cup_mint_Salt_and_Pepper_1.jpg","mobile_image":"shopify:\/\/shop_images\/Sowden_Bottle_light_pink_light_yellow_mint_Coffee_S_Travel_Cup_mint_Salt_and_Pepper_1_mobile.jpg","mobile_text_position":"place-self-center text-center","desktop_text_position":"sm:place-self-center sm:text-center","text_color":"#ffffff","overlay_color":"#000000","overlay_opacity":30}},"f58b2e0a-90c2-44c8-bb8d-eae1a6f35b70":{"type":"logo-list","blocks":{"template--17315618128181__f58b2e0a-90c2-44c8-bb8d-eae1a6f35b70-167178241828f4aa11-0":{"type":"logo","settings":{"logo":"shopify:\/\/shop_images\/made-in-design.png","logo_width":120,"link":""}},"template--17315618128181__f58b2e0a-90c2-44c8-bb8d-eae1a6f35b70-167178241828f4aa11-1":{"type":"logo","settings":{"logo":"shopify:\/\/shop_images\/voltex.png","logo_width":120,"link":""}},"template--17315618128181__f58b2e0a-90c2-44c8-bb8d-eae1a6f35b70-167178241828f4aa11-2":{"type":"logo","settings":{"logo":"shopify:\/\/shop_images\/the-cool-republic.png","logo_width":120,"link":""}},"template--17315618128181__f58b2e0a-90c2-44c8-bb8d-eae1a6f35b70-167178241828f4aa11-3":{"type":"logo","settings":{"logo":"shopify:\/\/shop_images\/galeries-lafayette.png","logo_width":120,"link":""}},"template--17315618128181__f58b2e0a-90c2-44c8-bb8d-eae1a6f35b70-167178241828f4aa11-4":{"type":"logo","settings":{"logo":"shopify:\/\/shop_images\/ambiente-direct.png","logo_width":120,"link":""}}},"block_order":["template--17315618128181__f58b2e0a-90c2-44c8-bb8d-eae1a6f35b70-167178241828f4aa11-0","template--17315618128181__f58b2e0a-90c2-44c8-bb8d-eae1a6f35b70-167178241828f4aa11-1","template--17315618128181__f58b2e0a-90c2-44c8-bb8d-eae1a6f35b70-167178241828f4aa11-2","template--17315618128181__f58b2e0a-90c2-44c8-bb8d-eae1a6f35b70-167178241828f4aa11-3","template--17315618128181__f58b2e0a-90c2-44c8-bb8d-eae1a6f35b70-167178241828f4aa11-4"],"settings":{"full_width":true,"stack_mobile":true,"title":"Featured in","content":"","text_alignment":"start","items_per_row":5,"background":"rgba(0,0,0,0)","background_gradient":"","text_color":"","heading_color":"","heading_gradient":"","logo_item_background":"#ffffff","logo_item_border":"#d2d2d2"}},"41b7e729-0027-47f7-82b6-9d2ec20c845b":{"type":"collection-list","blocks":{"template--17315618128181__41b7e729-0027-47f7-82b6-9d2ec20c845b-167178220367f2ceb7-0":{"type":"collection","settings":{"collection":"kitchen","image":"shopify:\/\/shop_images\/kitchen.jpg","subheading":"","title":"Kitchen","url":"shopify:\/\/collections\/kitchen","heading_tag":"h2","text_position":"place-self-center text-center","text_color":"#ffffff","overlay_color":"#000000","overlay_opacity":30}},"template--17315618128181__41b7e729-0027-47f7-82b6-9d2ec20c845b-167178220367f2ceb7-1":{"type":"collection","settings":{"collection":"office","image":"shopify:\/\/shop_images\/office.jpg","subheading":"","title":"Office","url":"shopify:\/\/collections\/office","heading_tag":"h2","text_position":"place-self-center text-center","text_color":"#ffffff","overlay_color":"#000000","overlay_opacity":30}},"template--17315618128181__41b7e729-0027-47f7-82b6-9d2ec20c845b-167178220367f2ceb7-2":{"type":"collection","settings":{"collection":"decoration","image":"shopify:\/\/shop_images\/decoration.jpg","subheading":"","title":"Decoration","url":"shopify:\/\/collections\/decoration","heading_tag":"h2","text_position":"place-self-center text-center","text_color":"#ffffff","overlay_color":"#000000","overlay_opacity":30}},"1aec4220-305e-4ae5-a343-c1b2d4bf190e":{"type":"collection","settings":{"collection":"lighting-1","image":"shopify:\/\/shop_images\/lighting_1.jpg","subheading":"","title":"Lighting","url":"shopify:\/\/collections\/lighting-1","heading_tag":"h2","text_position":"place-self-center text-center","text_color":"#ffffff","overlay_color":"#000000","overlay_opacity":30}},"4542a249-b39d-4b6e-98cf-e2d40657c7a2":{"type":"collection","settings":{"collection":"books","image":"shopify:\/\/shop_images\/books_2727b9ea-98dc-4e93-970f-c2a7e90ebcb9.jpg","subheading":"","title":"Books","url":"shopify:\/\/collections\/books","heading_tag":"h2","text_position":"place-self-center text-center","text_color":"#ffffff","overlay_color":"#000000","overlay_opacity":30}}},"block_order":["template--17315618128181__41b7e729-0027-47f7-82b6-9d2ec20c845b-167178220367f2ceb7-0","template--17315618128181__41b7e729-0027-47f7-82b6-9d2ec20c845b-167178220367f2ceb7-1","template--17315618128181__41b7e729-0027-47f7-82b6-9d2ec20c845b-167178220367f2ceb7-2","1aec4220-305e-4ae5-a343-c1b2d4bf190e","4542a249-b39d-4b6e-98cf-e2d40657c7a2"],"settings":{"full_width":true,"stack_collections":false,"collections_per_row":4,"show_progress_bar":true,"subheading":"","title":"Explore the collections","content":"","link_url":"shopify:\/\/collections","link_text":"View all","background":"","background_gradient":"","text_color":"","heading_color":"","heading_gradient":""}}},"order":["main","7abf9f53-ed30-4d00-9f85-98f4b33701c8","f58b2e0a-90c2-44c8-bb8d-eae1a6f35b70","41b7e729-0027-47f7-82b6-9d2ec20c845b"]}