{"sections":{"main":{"type":"main-article","blocks":{"navigation":{"type":"navigation","settings":{}},"comments":{"type":"comments","settings":{"show_gravatar":true,"comments_per_page":5}}},"block_order":["navigation","comments"],"settings":{"allow_transparent_header":true,"layout":"content_first","show_author":true,"show_date":true,"show_comments_count":true,"show_share_buttons":true,"banner_background":"#3c619e","banner_text_color":"#ffffff","overlay_color":"#000000","overlay_opacity":0,"content_width":"750px"}},"db0450ff-249f-4503-801a-59abba055190":{"type":"scrolling-text","settings":{"full_width":true,"text":"Find inspiration for your living room","text_size":"large","text_style":"fill","scrolling_mode":"auto","scrolling_speed":10,"background":"","background_gradient":"","text_color":"#3c619e","text_gradient":""}},"512b5f8c-e918-4714-bcb0-c0bfeb3f6277":{"type":"media-grid","blocks":{"template--17315630416181__512b5f8c-e918-4714-bcb0-c0bfeb3f6277-1671784916acb0a948-0":{"type":"image","settings":{"image":"shopify:\/\/shop_images\/Triangle_Legs_Bench_oak_Bonbon_Shade_320_yellow_melange_Bottoms_Up_Vase_navy_blue_1.jpg","title":"Bottoms Up Vase","heading_tag":"h3","link_url":"shopify:\/\/products\/bottoms-up-vase-azure","link_text":"","mobile_text_position":"place-self-center text-center","desktop_column_span":2,"desktop_row_span":3,"desktop_text_position":"sm:place-self-center sm:text-center","background":"#000000","background_gradient":"","text_color":"#ffffff","text_gradient":"","button_background":"#000000","button_text_color":"#ffffff","overlay_color":"#000000","overlay_opacity":10}},"template--17315630416181__512b5f8c-e918-4714-bcb0-c0bfeb3f6277-1671784916acb0a948-1":{"type":"image","settings":{"image":"shopify:\/\/shop_images\/New_Order_Combination_502_light_grey_PC_Portable_sky_blue_Botanical_Family_caramel_Stripes_and_Stripes_bluebell_ripple_1.jpg","title":"PC Portable Lamp","heading_tag":"h5","link_url":"shopify:\/\/products\/pc-portable-lamp","link_text":"","mobile_text_position":"place-self-center text-center","desktop_column_span":1,"desktop_row_span":1,"desktop_text_position":"sm:place-self-center sm:text-center","background":"#000000","background_gradient":"","text_color":"#ffffff","text_gradient":"","button_background":"#000000","button_text_color":"#ffffff","overlay_color":"#000000","overlay_opacity":10}},"template--17315630416181__512b5f8c-e918-4714-bcb0-c0bfeb3f6277-1671784916acb0a948-2":{"type":"image","settings":{"image":"shopify:\/\/shop_images\/Deco_Hand_family_01_1.jpg","title":"Deco Hand","heading_tag":"h5","link_url":"","link_text":"","mobile_text_position":"place-self-center text-center","desktop_column_span":1,"desktop_row_span":2,"desktop_text_position":"sm:place-self-center sm:text-center","background":"#000000","background_gradient":"","text_color":"#ffffff","text_gradient":"","button_background":"#000000","button_text_color":"#ffffff","overlay_color":"#000000","overlay_opacity":10}},"7709664d-084b-4a2e-bdfa-7a6f37a1d2ff":{"type":"image","settings":{"image":"shopify:\/\/shop_images\/Mags_Cushion_Plica_Sprinkle_bordeaux_Eiffel_Shelf_Rectangular_black_PC_Table_Lamp_aluminium_1.jpg","title":"Plica Sprinkle Cushion","heading_tag":"h5","link_url":"shopify:\/\/products\/plica-sprinkle-cushion","link_text":"","mobile_text_position":"place-self-center text-center","desktop_column_span":1,"desktop_row_span":2,"desktop_text_position":"sm:place-self-center sm:text-center","background":"#000000","background_gradient":"","text_color":"#ffffff","text_gradient":"","button_background":"#000000","button_text_color":"#ffffff","overlay_color":"#000000","overlay_opacity":10}},"582f4008-09a0-422e-9522-d23b2a303c1d":{"type":"image","settings":{"image":"shopify:\/\/shop_images\/Time_L_yellow_Perforated_Tray_dark_green_1.jpg","title":"Time Hourglass","heading_tag":"h4","link_url":"","link_text":"","mobile_text_position":"place-self-center text-center","desktop_column_span":1,"desktop_row_span":1,"desktop_text_position":"sm:place-self-center sm:text-center","background":"#000000","background_gradient":"","text_color":"#ffffff","text_gradient":"","button_background":"#000000","button_text_color":"#ffffff","overlay_color":"#000000","overlay_opacity":10}}},"block_order":["template--17315630416181__512b5f8c-e918-4714-bcb0-c0bfeb3f6277-1671784916acb0a948-0","template--17315630416181__512b5f8c-e918-4714-bcb0-c0bfeb3f6277-1671784916acb0a948-1","template--17315630416181__512b5f8c-e918-4714-bcb0-c0bfeb3f6277-1671784916acb0a948-2","7709664d-084b-4a2e-bdfa-7a6f37a1d2ff","582f4008-09a0-422e-9522-d23b2a303c1d"],"settings":{"full_width":true,"reduce_width":false,"desktop_row_height":290,"mobile_row_height":150,"background":"","background_gradient":""}},"543e989d-bc8b-4f34-b309-662f553f7326":{"type":"image-link-blocks","blocks":{"template--17315630416181__543e989d-bc8b-4f34-b309-662f553f7326-1671784915d2a3826b-0":{"type":"item","settings":{"image":"shopify:\/\/shop_images\/links-kitchen.jpg","stretch_image":false,"link_text":"Kitchen","link_url":"shopify:\/\/collections\/kitchen","background":"","text_color":"#000000","overlay_color":"#000000","overlay_opacity":0}},"template--17315630416181__543e989d-bc8b-4f34-b309-662f553f7326-1671784915d2a3826b-1":{"type":"item","settings":{"image":"shopify:\/\/shop_images\/links-decoration_9bc9dd15-dbbe-4f4a-bdb1-820206ad3384.jpg","stretch_image":false,"link_text":"Decoration","link_url":"shopify:\/\/collections\/decoration","background":"","text_color":"#000000","overlay_color":"#000000","overlay_opacity":0}},"template--17315630416181__543e989d-bc8b-4f34-b309-662f553f7326-1671784915d2a3826b-2":{"type":"item","settings":{"image":"shopify:\/\/shop_images\/links-office.jpg","stretch_image":false,"link_text":"Office","link_url":"shopify:\/\/collections\/office","background":"","text_color":"#000000","overlay_color":"#000000","overlay_opacity":0}},"template--17315630416181__543e989d-bc8b-4f34-b309-662f553f7326-1671784915d2a3826b-3":{"type":"item","settings":{"image":"shopify:\/\/shop_images\/links-lighting.jpg","stretch_image":false,"link_text":"Lighting","link_url":"shopify:\/\/collections\/lighting-1","background":"","text_color":"#000000","overlay_color":"#000000","overlay_opacity":0}},"02541236-9bf1-444d-8ce0-6b3dd8e03bfd":{"type":"item","settings":{"image":"shopify:\/\/shop_images\/links-books.jpg","stretch_image":false,"link_text":"Books","link_url":"shopify:\/\/collections\/books","background":"","text_color":"#000000","overlay_color":"#000000","overlay_opacity":0}}},"block_order":["template--17315630416181__543e989d-bc8b-4f34-b309-662f553f7326-1671784915d2a3826b-0","template--17315630416181__543e989d-bc8b-4f34-b309-662f553f7326-1671784915d2a3826b-1","template--17315630416181__543e989d-bc8b-4f34-b309-662f553f7326-1671784915d2a3826b-2","template--17315630416181__543e989d-bc8b-4f34-b309-662f553f7326-1671784915d2a3826b-3","02541236-9bf1-444d-8ce0-6b3dd8e03bfd"],"settings":{"full_width":true,"block_size":"large","subheading":"","title":"Explore the collections","content":"","link_url":"shopify:\/\/collections","link_text":"View all","background":"","background_gradient":"","text_color":"","heading_color":"","heading_gradient":""}}},"order":["main","db0450ff-249f-4503-801a-59abba055190","512b5f8c-e918-4714-bcb0-c0bfeb3f6277","543e989d-bc8b-4f34-b309-662f553f7326"]}