{"sections":{"main":{"type":"main-article","blocks":{"navigation":{"type":"navigation","settings":{}},"comments":{"type":"comments","settings":{"show_gravatar":true,"comments_per_page":5}}},"block_order":["navigation","comments"],"settings":{"allow_transparent_header":true,"layout":"content_first","show_author":true,"show_date":true,"show_comments_count":true,"show_share_buttons":true,"banner_background":"#b4875d","banner_text_color":"#ffffff","overlay_color":"#000000","overlay_opacity":0,"content_width":"750px"}},"51b6ee11-4301-47b1-b29d-853e5b6dbd3b":{"type":"image-link-blocks","blocks":{"template--17315630317877__51b6ee11-4301-47b1-b29d-853e5b6dbd3b-16717836722d306a9d-0":{"type":"item","settings":{"image":"shopify:\/\/shop_images\/links-kitchen.jpg","stretch_image":false,"link_text":"Kitchen","link_url":"shopify:\/\/collections\/kitchen","background":"","text_color":"#000000","overlay_color":"#000000","overlay_opacity":0}},"template--17315630317877__51b6ee11-4301-47b1-b29d-853e5b6dbd3b-16717836722d306a9d-1":{"type":"item","settings":{"image":"shopify:\/\/shop_images\/links-decoration_9bc9dd15-dbbe-4f4a-bdb1-820206ad3384.jpg","stretch_image":false,"link_text":"Decoration","link_url":"shopify:\/\/collections\/decoration","background":"","text_color":"#000000","overlay_color":"#000000","overlay_opacity":0}},"template--17315630317877__51b6ee11-4301-47b1-b29d-853e5b6dbd3b-16717836722d306a9d-2":{"type":"item","settings":{"image":"shopify:\/\/shop_images\/links-office.jpg","stretch_image":false,"link_text":"Office","link_url":"shopify:\/\/collections\/office","background":"","text_color":"#000000","overlay_color":"#000000","overlay_opacity":0}},"template--17315630317877__51b6ee11-4301-47b1-b29d-853e5b6dbd3b-16717836722d306a9d-3":{"type":"item","settings":{"image":"shopify:\/\/shop_images\/links-lighting.jpg","stretch_image":false,"link_text":"Lighting","link_url":"shopify:\/\/collections\/lighting-1","background":"","text_color":"#000000","overlay_color":"#000000","overlay_opacity":0}},"492d490a-08b0-4305-b424-7cf563338a04":{"type":"item","settings":{"image":"shopify:\/\/shop_images\/links-books.jpg","stretch_image":false,"link_text":"Books","link_url":"shopify:\/\/collections\/books","background":"","text_color":"#000000","overlay_color":"#000000","overlay_opacity":0}}},"block_order":["template--17315630317877__51b6ee11-4301-47b1-b29d-853e5b6dbd3b-16717836722d306a9d-0","template--17315630317877__51b6ee11-4301-47b1-b29d-853e5b6dbd3b-16717836722d306a9d-1","template--17315630317877__51b6ee11-4301-47b1-b29d-853e5b6dbd3b-16717836722d306a9d-2","template--17315630317877__51b6ee11-4301-47b1-b29d-853e5b6dbd3b-16717836722d306a9d-3","492d490a-08b0-4305-b424-7cf563338a04"],"settings":{"full_width":true,"block_size":"large","subheading":"","title":"Explore the collections","content":"","link_url":"shopify:\/\/collections","link_text":"View all","background":"","background_gradient":"","text_color":"","heading_color":"","heading_gradient":""}},"2f47a550-d6df-4d7c-81b3-c3d3738d18b3":{"type":"scrolling-text","settings":{"full_width":true,"text":"Good design is everyone’s right","text_size":"large","text_style":"fill","scrolling_mode":"auto","scrolling_speed":10,"background":"","background_gradient":"","text_color":"#b4875d","text_gradient":""}}},"order":["main","51b6ee11-4301-47b1-b29d-853e5b6dbd3b","2f47a550-d6df-4d7c-81b3-c3d3738d18b3"]}