{"sections":{"main":{"type":"main-article","blocks":{"navigation":{"type":"navigation","settings":{}},"comments":{"type":"comments","settings":{"show_gravatar":true,"comments_per_page":5}}},"block_order":["navigation","comments"],"settings":{"allow_transparent_header":false,"layout":"content_first","show_author":true,"show_date":true,"show_comments_count":true,"show_share_buttons":true,"banner_background":"#f8e39a","banner_text_color":"","overlay_color":"#000000","overlay_opacity":0,"content_width":"750px"}},"21da48fd-439f-4ccc-9d0e-8a9c5a1da4be":{"type":"press","blocks":{"template--17255571980597__21da48fd-439f-4ccc-9d0e-8a9c5a1da4be-1671781253f2e600c8-1":{"type":"quote","settings":{"logo":"shopify:\/\/shop_images\/Mette_5a60554e-5866-4201-97f2-dc50d7ef9fd0.png","logo_width":100,"author":"","content":"Finding the balance between utility and aesthetics is key to creating a work environment that feels both productive and inviting.","show_rating":false,"rating":5}}},"block_order":["template--17255571980597__21da48fd-439f-4ccc-9d0e-8a9c5a1da4be-1671781253f2e600c8-1"],"settings":{"full_width":true,"content_size":"medium","background":"#f8e39a","background_gradient":"","text_color":"","heading_color":"","heading_gradient":"","logo_item_background":"","logo_item_border":""}},"65e0ff90-cfc2-4615-b57e-9efb394f03f3":{"type":"multiple-images-with-text","blocks":{"57deed4d-05c4-4ffe-b87a-f15466046a62":{"type":"item","settings":{"image":"shopify:\/\/shop_images\/Pierre_Charpin_PC_Table_PC_Portable_PC_Task_1.jpg","image_rotation_degrees":0,"subheading":"PC Portable Lamp's designer","title":"Pierre Charpin","content":"<p>Designer and visual artist born in 1962, Pierre Charpin graduated from the École des Beaux-Arts de Bourges in 1984. Since the beginning of the 1990’s, he has been focusing on objects and furniture. Charpin has been granted many awards for his work. In 2004, Charpin designed a water carafe in cast glass for a competition held by the Société Eaux de Paris: he was named laureate of the competition and 10,000 copies of the glass carafe were made.<\/p>","button_url":"shopify:\/\/pages\/pierre-charpin","button_text":"Learn more"}},"50c8ba2e-5816-4b19-92b7-aeabcf8c5f38":{"type":"item","settings":{"image":"shopify:\/\/shop_images\/image_34.jpg","image_rotation_degrees":0,"subheading":"","title":"","content":"","button_url":"","button_text":""}}},"block_order":["57deed4d-05c4-4ffe-b87a-f15466046a62","50c8ba2e-5816-4b19-92b7-aeabcf8c5f38"],"settings":{"full_width":true,"images_layout":"collage","collage_images_alignment":"middle","background":"","background_gradient":"","text_color":"","button_background":"#19522f","button_text_color":""}},"87e96f59-7557-45c4-b421-9cbf9a5c4491":{"type":"featured-collection","settings":{"collection":"new-arrivals","products":[],"full_width":true,"stack_products":false,"show_progress_bar":true,"products_count":20,"products_per_row_mobile":"2","products_per_row_desktop":4,"subheading":"","title":"Popular office products","content":"","link_url":"shopify:\/\/collections\/office","link_text":"View all","background":"","background_gradient":"","text_color":"","heading_color":"","heading_gradient":"","product_card_background":"","product_card_text_color":""}},"0981e6f0-d9bf-4ae1-9e42-8f8d93142c6c":{"type":"newsletter","settings":{"full_width":true,"image":"shopify:\/\/shop_images\/Hay-Anything-Scissors-warm-yellow3_1.jpg","show_icon":true,"title":"Sign up to the newsletter.","content":"<p>Subscribe to get notified about new stories, news and personal offers.<\/p>","button_text":"Subscribe","subtext":"","background":"","background_gradient":"","text_color":"","button_background":"","button_text_color":""}}},"order":["main","21da48fd-439f-4ccc-9d0e-8a9c5a1da4be","65e0ff90-cfc2-4615-b57e-9efb394f03f3","87e96f59-7557-45c4-b421-9cbf9a5c4491","0981e6f0-d9bf-4ae1-9e42-8f8d93142c6c"]}