{"sections":{"main":{"type":"main-article","blocks":{"navigation":{"type":"navigation","settings":{}},"comments":{"type":"comments","settings":{"show_gravatar":true,"comments_per_page":5}}},"block_order":["navigation","comments"],"settings":{"allow_transparent_header":true,"layout":"content_first","show_author":true,"show_date":true,"show_comments_count":true,"show_share_buttons":true,"banner_background":"#708a5c","banner_text_color":"#ffffff","overlay_color":"#000000","overlay_opacity":0,"content_width":"750px"}},"03d3d62e-b92a-4fc3-87bd-4c267991bdf8":{"type":"image-link-blocks","blocks":{"template--17315630383413__03d3d62e-b92a-4fc3-87bd-4c267991bdf8-1671784689a0638142-0":{"type":"item","settings":{"image":"shopify:\/\/shop_images\/links-kitchen.jpg","stretch_image":false,"link_text":"Kitchen","link_url":"shopify:\/\/collections\/kitchen","background":"","text_color":"#000000","overlay_color":"#000000","overlay_opacity":0}},"template--17315630383413__03d3d62e-b92a-4fc3-87bd-4c267991bdf8-1671784689a0638142-1":{"type":"item","settings":{"image":"shopify:\/\/shop_images\/links-decoration_9bc9dd15-dbbe-4f4a-bdb1-820206ad3384.jpg","stretch_image":false,"link_text":"Decoration","link_url":"shopify:\/\/collections\/decoration","background":"","text_color":"#000000","overlay_color":"#000000","overlay_opacity":0}},"template--17315630383413__03d3d62e-b92a-4fc3-87bd-4c267991bdf8-1671784689a0638142-2":{"type":"item","settings":{"image":"shopify:\/\/shop_images\/links-office.jpg","stretch_image":false,"link_text":"Office","link_url":"shopify:\/\/collections\/office","background":"","text_color":"#000000","overlay_color":"#000000","overlay_opacity":0}},"template--17315630383413__03d3d62e-b92a-4fc3-87bd-4c267991bdf8-1671784689a0638142-3":{"type":"item","settings":{"image":"shopify:\/\/shop_images\/links-lighting.jpg","stretch_image":false,"link_text":"Lighting","link_url":"shopify:\/\/collections\/lighting-1","background":"","text_color":"#000000","overlay_color":"#000000","overlay_opacity":0}},"9f2caf5e-cbfd-4d74-ab83-4f8bbb04b432":{"type":"item","settings":{"image":"shopify:\/\/shop_images\/links-books.jpg","stretch_image":false,"link_text":"Books","link_url":"shopify:\/\/collections\/books","background":"","text_color":"#000000","overlay_color":"#000000","overlay_opacity":0}}},"block_order":["template--17315630383413__03d3d62e-b92a-4fc3-87bd-4c267991bdf8-1671784689a0638142-0","template--17315630383413__03d3d62e-b92a-4fc3-87bd-4c267991bdf8-1671784689a0638142-1","template--17315630383413__03d3d62e-b92a-4fc3-87bd-4c267991bdf8-1671784689a0638142-2","template--17315630383413__03d3d62e-b92a-4fc3-87bd-4c267991bdf8-1671784689a0638142-3","9f2caf5e-cbfd-4d74-ab83-4f8bbb04b432"],"settings":{"full_width":true,"block_size":"large","subheading":"","title":"","content":"","link_url":"","link_text":"","background":"","background_gradient":"","text_color":"","heading_color":"","heading_gradient":""}},"0981e6f0-d9bf-4ae1-9e42-8f8d93142c6c":{"type":"newsletter","settings":{"full_width":true,"image":"shopify:\/\/shop_images\/Hay-Anything-Scissors-warm-yellow3_1.jpg","show_icon":true,"title":"Sign up to the newsletter.","content":"<p>Subscribe to get notified about new stories, news and personal offers.<\/p>","button_text":"Subscribe","subtext":"","background":"","background_gradient":"","text_color":"","button_background":"","button_text_color":""}}},"order":["main","03d3d62e-b92a-4fc3-87bd-4c267991bdf8","0981e6f0-d9bf-4ae1-9e42-8f8d93142c6c"]}