{"sections":{"main":{"type":"main-article","blocks":{"navigation":{"type":"navigation","settings":{}},"comments":{"type":"comments","settings":{"show_gravatar":true,"comments_per_page":5}}},"block_order":["navigation","comments"],"settings":{"allow_transparent_header":true,"layout":"content_first","show_author":true,"show_date":true,"show_comments_count":true,"show_share_buttons":true,"banner_background":"#708a5c","banner_text_color":"#ffffff","overlay_color":"#000000","overlay_opacity":0,"content_width":"750px"}},"72a56964-1e43-4cfd-95b8-66dff637501e":{"type":"image-with-text-overlay","blocks":{"template--17315626615093__72a56964-1e43-4cfd-95b8-66dff637501e-1671783175078726d8-0":{"type":"subheading","settings":{"text":"About us"}},"template--17315626615093__72a56964-1e43-4cfd-95b8-66dff637501e-1671783175078726d8-1":{"type":"heading","settings":{"text":"We do a high-quality products","heading_tag":"h1"}},"838c9c84-5d12-4a90-8b20-317e26effd95":{"type":"button","settings":{"style":"fill","size":"lg","text":"Learn more","url":"shopify:\/\/pages\/about-us","background":"","text_color":""}}},"block_order":["template--17315626615093__72a56964-1e43-4cfd-95b8-66dff637501e-1671783175078726d8-0","template--17315626615093__72a56964-1e43-4cfd-95b8-66dff637501e-1671783175078726d8-1","838c9c84-5d12-4a90-8b20-317e26effd95"],"settings":{"full_width":true,"allow_transparent_header":false,"enable_parallax":false,"image_size":"auto","image":"shopify:\/\/shop_images\/HAY_MetteandRolf_Portrait.jpg","mobile_image":"shopify:\/\/shop_images\/HAY_MetteandRolf_Portrait_mobile.jpg","mobile_text_position":"place-self-center text-center","desktop_text_position":"sm:place-self-center sm:text-center","text_color":"#ffffff","overlay_color":"#000000","overlay_opacity":30}},"c4e78aca-758f-4405-bb71-0ab78460ee5c":{"type":"image-link-blocks","blocks":{"template--17315626615093__c4e78aca-758f-4405-bb71-0ab78460ee5c-1671783175d535c547-0":{"type":"item","settings":{"image":"shopify:\/\/shop_images\/links-kitchen.jpg","stretch_image":false,"link_text":"Kitchen","link_url":"shopify:\/\/collections\/kitchen","background":"","text_color":"#000000","overlay_color":"#000000","overlay_opacity":0}},"template--17315626615093__c4e78aca-758f-4405-bb71-0ab78460ee5c-1671783175d535c547-1":{"type":"item","settings":{"image":"shopify:\/\/shop_images\/links-decoration_9bc9dd15-dbbe-4f4a-bdb1-820206ad3384.jpg","stretch_image":false,"link_text":"Decoration","link_url":"shopify:\/\/collections\/decoration","background":"","text_color":"#000000","overlay_color":"#000000","overlay_opacity":0}},"template--17315626615093__c4e78aca-758f-4405-bb71-0ab78460ee5c-1671783175d535c547-2":{"type":"item","settings":{"image":"shopify:\/\/shop_images\/links-office.jpg","stretch_image":false,"link_text":"Office","link_url":"shopify:\/\/collections\/office","background":"","text_color":"#000000","overlay_color":"#000000","overlay_opacity":0}},"template--17315626615093__c4e78aca-758f-4405-bb71-0ab78460ee5c-1671783175d535c547-3":{"type":"item","settings":{"image":"shopify:\/\/shop_images\/links-lighting.jpg","stretch_image":false,"link_text":"Lighting","link_url":"shopify:\/\/collections\/lighting-1","background":"","text_color":"#000000","overlay_color":"#000000","overlay_opacity":0}},"dd9e455d-2391-42fb-b1db-2624c9c4b9e0":{"type":"item","settings":{"image":"shopify:\/\/shop_images\/links-books.jpg","stretch_image":false,"link_text":"Books","link_url":"shopify:\/\/collections\/books","background":"","text_color":"#000000","overlay_color":"#000000","overlay_opacity":0}}},"block_order":["template--17315626615093__c4e78aca-758f-4405-bb71-0ab78460ee5c-1671783175d535c547-0","template--17315626615093__c4e78aca-758f-4405-bb71-0ab78460ee5c-1671783175d535c547-1","template--17315626615093__c4e78aca-758f-4405-bb71-0ab78460ee5c-1671783175d535c547-2","template--17315626615093__c4e78aca-758f-4405-bb71-0ab78460ee5c-1671783175d535c547-3","dd9e455d-2391-42fb-b1db-2624c9c4b9e0"],"settings":{"full_width":true,"block_size":"large","subheading":"","title":"Explore the collections","content":"","link_url":"shopify:\/\/collections","link_text":"View all","background":"","background_gradient":"","text_color":"","heading_color":"","heading_gradient":""}},"532debc3-8dc1-47b9-8a87-cfe211895484":{"type":"scrolling-text","settings":{"full_width":true,"text":"Keep it green","text_size":"large","text_style":"fill","scrolling_mode":"auto","scrolling_speed":10,"background":"","background_gradient":"","text_color":"#708a5c","text_gradient":""}}},"order":["main","72a56964-1e43-4cfd-95b8-66dff637501e","c4e78aca-758f-4405-bb71-0ab78460ee5c","532debc3-8dc1-47b9-8a87-cfe211895484"]}