{"sections":{"main":{"type":"main-article","blocks":{"navigation":{"type":"navigation","settings":{}},"comments":{"type":"comments","settings":{"show_gravatar":true,"comments_per_page":5}}},"block_order":["navigation","comments"],"settings":{"allow_transparent_header":true,"layout":"content_first","show_author":true,"show_date":true,"show_comments_count":true,"show_share_buttons":true,"banner_background":"#804b46","banner_text_color":"#ffffff","overlay_color":"#000000","overlay_opacity":0,"content_width":"750px"}},"87e96f59-7557-45c4-b421-9cbf9a5c4491":{"type":"featured-collection","settings":{"collection":"new-arrivals","products":[],"full_width":true,"stack_products":false,"show_progress_bar":true,"products_count":20,"products_per_row_mobile":"2","products_per_row_desktop":4,"subheading":"","title":"Shop the collection","content":"","link_url":"shopify:\/\/collections\/office","link_text":"View all","background":"","background_gradient":"","text_color":"","heading_color":"","heading_gradient":"","product_card_background":"","product_card_text_color":""}},"ddd44713-d094-41c3-abdc-05b53d02d5df":{"type":"image-with-text-overlay","blocks":{"template--17315618685237__ddd44713-d094-41c3-abdc-05b53d02d5df-1671782963584815a4-0":{"type":"subheading","settings":{"text":"About our Kitchen Collection"}},"template--17315618685237__ddd44713-d094-41c3-abdc-05b53d02d5df-1671782963584815a4-1":{"type":"heading","settings":{"text":"Update your kitchen with the   latest styles","heading_tag":"h1"}},"fd0e5bf9-9f3e-4087-a2d6-aef99a1d5f05":{"type":"button","settings":{"style":"fill","size":"lg","text":"Learn more","url":"","background":"","text_color":""}}},"block_order":["template--17315618685237__ddd44713-d094-41c3-abdc-05b53d02d5df-1671782963584815a4-0","template--17315618685237__ddd44713-d094-41c3-abdc-05b53d02d5df-1671782963584815a4-1","fd0e5bf9-9f3e-4087-a2d6-aef99a1d5f05"],"settings":{"full_width":true,"allow_transparent_header":false,"enable_parallax":false,"image_size":"auto","image":"shopify:\/\/shop_images\/image-text-overlay-desktop-kitchen.jpg","mobile_image":"shopify:\/\/shop_images\/image-text-overlay-mobile-kitchen.jpg","mobile_text_position":"place-self-center text-center","desktop_text_position":"sm:place-self-center sm:text-center","text_color":"#ffffff","overlay_color":"#000000","overlay_opacity":30}}},"order":["main","87e96f59-7557-45c4-b421-9cbf9a5c4491","ddd44713-d094-41c3-abdc-05b53d02d5df"]}