{"sections":{"main":{"type":"main-blog","blocks":{"40afcfec-8f37-481d-b3d6-e42467fc6ace":{"type":"newsletter","settings":{"title":"NEWSLETTER","content":"<p>Get exclusive access to the latest news and inspiration from Impact.<\/p>","button_text":"SUBSCRIBE","subtext":"","position":5,"background":"","text_color":""}}},"block_order":["40afcfec-8f37-481d-b3d6-e42467fc6ace"],"settings":{"allow_transparent_header":true,"content":"<p>Get exclusive access to the latest news and inspiration from Impact. Simply sign up for our newsletter.<\/p>","show_newsletter_form":true,"show_tags":true,"banner_background":"#3c619e","banner_text_color":"#ffffff","button_background":"#ffffff","button_text_color":"#3c619e","articles_per_page":6,"feature_first_article":true,"feature_article_background":"#f8e39a","feature_article_text_color":"","show_excerpt":true,"show_date":false,"show_author":false,"show_comments_count":false,"show_category":true}},"fbb1de59-fec5-4ef3-89f7-0c4910f38f3d":{"type":"image-with-text-overlay","blocks":{"template--17255572341045__fbb1de59-fec5-4ef3-89f7-0c4910f38f3d-16712600040141c7e6-0":{"type":"subheading","settings":{"text":"ABOUT US"}},"template--17255572341045__fbb1de59-fec5-4ef3-89f7-0c4910f38f3d-16712600040141c7e6-1":{"type":"heading","settings":{"text":"INSPIRED BY ARCHITECTURE, ART &   FASHION","heading_tag":"h1"}},"0d66ae28-f97d-47ed-9a31-a460d833528b":{"type":"button","settings":{"style":"fill","size":"lg","text":"LEARN MORE","url":"","background":"#ffffff","text_color":"#000000"}}},"block_order":["template--17255572341045__fbb1de59-fec5-4ef3-89f7-0c4910f38f3d-16712600040141c7e6-0","template--17255572341045__fbb1de59-fec5-4ef3-89f7-0c4910f38f3d-16712600040141c7e6-1","0d66ae28-f97d-47ed-9a31-a460d833528b"],"settings":{"full_width":false,"allow_transparent_header":false,"enable_parallax":false,"image_size":"auto","image":"shopify:\/\/shop_images\/HAY_MetteandRolf_Portrait.webp","mobile_image":"shopify:\/\/shop_images\/HAY_MetteandRolf_Portrait_mobile.webp","mobile_text_position":"place-self-center text-center","desktop_text_position":"sm:place-self-center sm:text-center","text_color":"#ffffff","overlay_color":"#000000","overlay_opacity":30}},"f1ca4982-61db-401c-b6da-9fad8e5398cb":{"type":"image-link-blocks","blocks":{"template--17255572341045__f1ca4982-61db-401c-b6da-9fad8e5398cb-167178079627eb1839-0":{"type":"item","settings":{"image":"shopify:\/\/shop_images\/links-kitchen.jpg","stretch_image":false,"link_text":"Kitchen","link_url":"shopify:\/\/collections\/kitchen","background":"","text_color":"#000000","overlay_color":"#000000","overlay_opacity":0}},"template--17255572341045__f1ca4982-61db-401c-b6da-9fad8e5398cb-167178079627eb1839-1":{"type":"item","settings":{"image":"shopify:\/\/shop_images\/links-decoration_9bc9dd15-dbbe-4f4a-bdb1-820206ad3384.jpg","stretch_image":false,"link_text":"Decoration","link_url":"shopify:\/\/collections\/decoration","background":"","text_color":"#000000","overlay_color":"#000000","overlay_opacity":0}},"template--17255572341045__f1ca4982-61db-401c-b6da-9fad8e5398cb-167178079627eb1839-2":{"type":"item","settings":{"image":"shopify:\/\/shop_images\/links-office.jpg","stretch_image":false,"link_text":"Office","link_url":"shopify:\/\/collections\/office","background":"","text_color":"#000000","overlay_color":"#000000","overlay_opacity":0}},"template--17255572341045__f1ca4982-61db-401c-b6da-9fad8e5398cb-167178079627eb1839-3":{"type":"item","settings":{"image":"shopify:\/\/shop_images\/links-lighting.jpg","stretch_image":false,"link_text":"Lighting","link_url":"shopify:\/\/collections\/lighting-1","background":"","text_color":"#000000","overlay_color":"#000000","overlay_opacity":0}},"3956c202-8fdc-43c9-88df-d8a26682a0bb":{"type":"item","settings":{"image":"shopify:\/\/shop_images\/links-books.jpg","stretch_image":false,"link_text":"Books","link_url":"shopify:\/\/collections\/books","background":"","text_color":"#000000","overlay_color":"#000000","overlay_opacity":0}}},"block_order":["template--17255572341045__f1ca4982-61db-401c-b6da-9fad8e5398cb-167178079627eb1839-0","template--17255572341045__f1ca4982-61db-401c-b6da-9fad8e5398cb-167178079627eb1839-1","template--17255572341045__f1ca4982-61db-401c-b6da-9fad8e5398cb-167178079627eb1839-2","template--17255572341045__f1ca4982-61db-401c-b6da-9fad8e5398cb-167178079627eb1839-3","3956c202-8fdc-43c9-88df-d8a26682a0bb"],"settings":{"full_width":true,"block_size":"large","subheading":"","title":"Explore the collections","content":"","link_url":"shopify:\/\/collections","link_text":"View all collections","background":"","background_gradient":"","text_color":"","heading_color":"","heading_gradient":""}},"a9724f8d-e143-4fe4-9144-2ac1c7f030b0":{"type":"scrolling-text","settings":{"full_width":true,"text":"Good design is everyone’s right","text_size":"large","text_style":"fill","scrolling_mode":"auto","scrolling_speed":5,"background":"rgba(0,0,0,0)","background_gradient":"","text_color":"#3c619e","text_gradient":""}}},"order":["main","fbb1de59-fec5-4ef3-89f7-0c4910f38f3d","f1ca4982-61db-401c-b6da-9fad8e5398cb","a9724f8d-e143-4fe4-9144-2ac1c7f030b0"]}