{"sections":{"banner":{"type":"collection-banner","disabled":true,"settings":{"full_width":true,"allow_transparent_header":true,"enable_parallax":false,"show_collection_title":true,"show_collection_description":false,"show_collection_image":false,"collection_title_size":"h0","image_size":"md","mobile_text_position":"place-self-center-start text-start","desktop_text_position":"sm:place-self-center-start sm:text-start","featured_product":"","featured_product_heading":"","text_color":"#ffffff","overlay_color":"#000000","overlay_opacity":30}},"main":{"type":"main-collection","settings":{"products_per_page":12,"products_per_row_mobile":"1","products_per_row_desktop":4,"filter_layout":"horizontal","show_sort_by":true,"show_filters":true,"show_filter_group_name":true,"show_color_swatch":true,"show_empty_filter_values":true,"show_filter_values_count":true,"open_first_filter_group":true}}},"order":["banner","main"]}