{"sections":{"contact":{"type":"contact","blocks":{"9408a5da-eb9b-49f1-9b1e-827a83b16ac3":{"type":"dropdown","settings":{"title":"Subject","values":""}},"c7f7daac-eaf5-4edf-b6c3-363c42ed5657":{"type":"text","settings":{"title":"Subject","use_long_text":false}}},"block_order":["9408a5da-eb9b-49f1-9b1e-827a83b16ac3","c7f7daac-eaf5-4edf-b6c3-363c42ed5657"],"settings":{"full_width":true,"subheading":"Get in Touch, We're Here to Help!","title":"DO YOU HAVE ANY QUESTION?","content":"<p>We are experiencing higher than normal volume and are working to respond as timely as possible. Please note that it may take us up to 2 business days to reply. We appreciate your patience during this time. <\/p><p>We would love to hear from you! If you have any questions, comments, or concerns about our products or services, please do not hesitate to contact us.<\/p>","text_position":"start","contact_form_size":"large","background":"","background_gradient":"","text_color":"","heading_color":"","heading_gradient":"","contact_background":"#ffffff","contact_text_color":"","button_background":"#ffb74a","button_text_color":"#1d2958"}},"main":{"type":"main-page","disabled":true,"settings":{}}},"order":["contact","main"]}