{"sections":{"main":{"type":"main-page","disabled":true,"settings":{}},"534d7b4a-6200-47c1-a768-3c963683269f":{"type":"slideshow","blocks":{"template--16835764191498__534d7b4a-6200-47c1-a768-3c963683269f-1672900063a599c16d-0":{"type":"image","settings":{"image":"shopify:\/\/shop_images\/about1.jpg","mobile_image":"shopify:\/\/shop_images\/about2.jpg","content_max_width":780,"mobile_text_position":"place-self-center text-center","desktop_text_position":"sm:place-self-center sm:text-center","subheading":"","title":"OUR story","heading_tag":"h2","button_text":"","button_link":"","text_color":"#ffffff","button_background":"#ffffff","button_text_color":"#000000","overlay_color":"#000000","overlay_opacity":20,"background":"","background_gradient":""}}},"block_order":["template--16835764191498__534d7b4a-6200-47c1-a768-3c963683269f-1672900063a599c16d-0"],"settings":{"full_width":true,"allow_transparent_header":false,"image_size":"sm","controls_type":"dots","transition_type":"fade_with_text","autoplay":false,"cycle_speed":6,"background":"#021f41","background_gradient":""}},"297c61de-1051-44ef-92ff-cbb658d8751f":{"type":"media-with-text","blocks":{"df29d6b3-3b01-404b-b54e-4aa44a4b63d9":{"type":"image","settings":{"image":"shopify:\/\/shop_images\/pexels-kampus-production-7289730_1.jpg","media_width":50,"media_position":"start","text_position":"place-self-center-start text-start","icon":"none","icon_width":48,"subheading":"","title":"","content":"<p>BigMagShop started out as a small family-owned business, founded by two brothers who had a passion for retail and customer service. They began with a brick-and-mortar store, selling a range of products from household items to electronics.<\/p><p>As the business grew, they began to specialize in certain product categories, such as sports and fitness gear. They also expanded their reach by opening additional physical stores in different locations.<\/p><p> They invested in creating a user-friendly website and establishing partnerships with top suppliers to offer a wide range of quality products at competitive prices.<\/p>","link_text":"","link_url":"","background":"#ffffff","background_gradient":"","text_color":"#021f41","text_gradient":"","button_background":"","button_text_color":""}},"a2bb232d-ef83-463d-a95d-85cf1b8c2dbf":{"type":"image","settings":{"image":"shopify:\/\/shop_images\/pexels-kampus-production-7289732_1.jpg","media_width":50,"media_position":"end","text_position":"place-self-center-start text-start","icon":"none","icon_width":48,"subheading":"","title":"","content":"<p>Our commitment to customer satisfaction remains our top priority, and we are dedicated to providing the same level of personalized attention and care that our customers have come to know and love. We believe in building lasting relationships with our customers and going above and beyond to exceed their expectations.<\/p><p>Whether you are shopping for yourself or searching for the perfect gift, we are confident that our carefully curated selection of products will meet your needs and exceed your expectations. Thank you for choosing BigMagShop as your go-to destination for all your shopping needs.<\/p>","link_text":"","link_url":"","background":"#ffffff","background_gradient":"","text_color":"#021f41","text_gradient":"","button_background":"","button_text_color":""}},"841e39ec-b82c-4529-bbee-264a13fb1590":{"type":"image","settings":{"image":"shopify:\/\/shop_images\/fitnessgeek.jpg","media_width":50,"media_position":"start","text_position":"place-self-center-start text-start","icon":"none","custom_icon":"shopify:\/\/shop_images\/fitnessgeek_logo.png","icon_width":120,"subheading":"","title":"","content":"<p>As enthusiasts, we understand the importance of having access to high-quality workout gear and equipment. That's why we have partnered up with FitnessGeek, a leading provider of fitness products and accessories. <\/p><p>Together, we are committed to helping you achieve your fitness goals and live a healthy, active lifestyle. We believe that we can share with you more products based on sport check them out on Amazon.<\/p>","link_text":"Visit FitnessGeek","link_url":"https:\/\/fitnessgeek.club\/","background":"#ffffff","background_gradient":"","text_color":"#021f41","text_gradient":"","button_background":"#f0c417","button_text_color":"#021f41"}}},"block_order":["df29d6b3-3b01-404b-b54e-4aa44a4b63d9","a2bb232d-ef83-463d-a95d-85cf1b8c2dbf","841e39ec-b82c-4529-bbee-264a13fb1590"],"settings":{"full_width":false,"enable_parallax":false,"spacing":"small"}},"bdd7bde5-c1d2-407a-89f9-e3a69d695d81":{"type":"newsletter","settings":{"full_width":true,"show_icon":true,"title":"SIGN UP TO OUR NEWSLETTER","content":"<p>Subscribe to get notified about new stories, news and personal offers.<\/p>","button_text":"Subscribe","subtext":"By completing this form you are signing up to receive our emails. You can unsubscribe at any time.","background":"","background_gradient":"","text_color":"","button_background":"#f0c417","button_text_color":"#021f41"}}},"order":["main","534d7b4a-6200-47c1-a768-3c963683269f","297c61de-1051-44ef-92ff-cbb658d8751f","bdd7bde5-c1d2-407a-89f9-e3a69d695d81"]}