{"sections":{"2b517d14-660b-492f-9eae-7685ad823936":{"type":"faq","blocks":{"template--17255572504885__2b517d14-660b-492f-9eae-7685ad823936-1671294557a9de6d8e-0":{"type":"item","settings":{"title":"How do you calculate your shipping and handling Charges?","content":"<p>We’re dedicated to offering the best shipping methods available to ensure that your order reaches you quickly and safely. Shipping rates will vary, based on the specified delivery method, shipping address and total price of the merchandise in your cart.<\/p>"}},"template--17255572504885__2b517d14-660b-492f-9eae-7685ad823936-1671294557a9de6d8e-1":{"type":"item","settings":{"title":"Do you charge sales tax?","content":"<p>Please know, your order(s) will be taxed unless valid tax exemption documentation has been received prior to order placement. Please visit your local store or <a href=\"\/pages\/contact\" title=\"Contact\"><strong>contact us<\/strong><\/a> for additional questions or support.<\/p>"}},"template--17255572504885__2b517d14-660b-492f-9eae-7685ad823936-1671294557a9de6d8e-2":{"type":"item","settings":{"title":"How is my order payment processes?","content":"<p>When you place an order, we contact the issuing bank to confirm the validity of the payment method. Your bank reserves the funds until the transaction processes or the authorization expires, but this isn’t an actual charge. Some banks call authorizations “pending” or “processing” charges. For more information on specific policies regarding authorizations, contact the issuing bank.<\/p>"}},"b0275e89-c84d-467d-af0b-04959bafffe9":{"type":"item","settings":{"title":"What if I received damages or incorrect merchandise?","content":"<p>In the event that you receive defective, incorrect or incomplete merchandise, please contact us right away so we can make it right. For faster assistance with a return or exchange claim, please email us at rpcorbu@gmail.com with your order number, contact information and photos documenting possible damages (if applicable). Please retain all items and packaging materials until your claim is resolved. If your replacement item is backordered or out of stock, we’ll notify you as soon as we have the estimated arrival date, or we may work with you to suggest a suitable replacement.<\/p>"}}},"block_order":["template--17255572504885__2b517d14-660b-492f-9eae-7685ad823936-1671294557a9de6d8e-0","template--17255572504885__2b517d14-660b-492f-9eae-7685ad823936-1671294557a9de6d8e-1","template--17255572504885__2b517d14-660b-492f-9eae-7685ad823936-1671294557a9de6d8e-2","b0275e89-c84d-467d-af0b-04959bafffe9"],"settings":{"full_width":true,"subheading":"","title":"Popular questions from our customers","content":"","team_avatar":"shopify:\/\/shop_images\/agent.png","team_avatar_width":200,"support_hours":"Our customer support is available Monday to Friday: 9:00am-17:00pm.","answer_time":"Average answer time: 24h","button_text":"","button_url":"","text_position":"center","background":"","background_gradient":"","text_color":"","heading_color":"","heading_gradient":"","button_background":"","button_text_color":"","accordion_background":"","accordion_text_color":""}},"main":{"type":"main-page","disabled":true,"settings":{}}},"order":["2b517d14-660b-492f-9eae-7685ad823936","main"]}