{"sections":{"main":{"type":"main-page","disabled":true,"settings":{}},"0ed28fc3-3ee6-4fc2-9af8-dcf39614a4b9":{"type":"slideshow","blocks":{"template--17255572439349__0ed28fc3-3ee6-4fc2-9af8-dcf39614a4b9-16712624206ecec573-0":{"type":"image","settings":{"image":"shopify:\/\/shop_images\/w-s-hero.webp","mobile_image":"shopify:\/\/shop_images\/w-s-hero-mobile.webp","content_max_width":780,"mobile_text_position":"place-self-center text-center","desktop_text_position":"sm:place-self-center sm:text-center","subheading":"","title":"WANG & SÖDERSTRÖM","heading_tag":"h0","button_text":"","button_link":"","text_color":"#ffffff","button_background":"#ffffff","button_text_color":"#000000","overlay_color":"#000000","overlay_opacity":30,"background":"","background_gradient":""}}},"block_order":["template--17255572439349__0ed28fc3-3ee6-4fc2-9af8-dcf39614a4b9-16712624206ecec573-0"],"settings":{"full_width":true,"allow_transparent_header":true,"image_size":"auto","controls_type":"dots","transition_type":"fade_with_text","autoplay":false,"cycle_speed":6,"background":"#f2f2f2","background_gradient":""}},"018efca6-7a51-4d7d-8981-dbb1e7f5740b":{"type":"multiple-images-with-text","blocks":{"template--17255572439349__018efca6-7a51-4d7d-8981-dbb1e7f5740b-1671263038ac0443a0-0":{"type":"item","settings":{"image":"shopify:\/\/shop_images\/w-s-03_1.webp","image_rotation_degrees":15,"subheading":"DESIGNER","title":"WANG & SÖDERSTRÖM","content":"<p>Wang & Söderström is a Copenhagen-based transdisciplinary creative duo composed of Swedish designer Anny Wang and architect Tim Söderström. Anny Wang studied spatial and furniture design at the Academy of Design and Crafts (HDK) in Gothenburg, Sweden, and Tim Söderström studied architecture at the Royal Danish Academy of Fine Arts (KADK) in Copenhagen, Denmark. Together, they founded Wang & Söderström in 2016.<\/p>","button_url":"","button_text":""}},"33a12540-0c35-4b09-9429-5a68fbfedf18":{"type":"item","settings":{"image":"shopify:\/\/shop_images\/wang--soderstrom-bw_1220x1220_1.webp","image_rotation_degrees":0,"subheading":"","title":"","content":"","button_url":"","button_text":""}}},"block_order":["template--17255572439349__018efca6-7a51-4d7d-8981-dbb1e7f5740b-1671263038ac0443a0-0","33a12540-0c35-4b09-9429-5a68fbfedf18"],"settings":{"full_width":true,"images_layout":"scattered","collage_images_alignment":"middle","background":"","background_gradient":"","text_color":"","button_background":"","button_text_color":""}},"0102300b-5714-4842-9c77-9ca82993c6b9":{"type":"featured-collection","settings":{"collection":"","products":[],"full_width":true,"stack_products":true,"show_progress_bar":false,"products_count":3,"products_per_row_mobile":"2","products_per_row_desktop":3,"subheading":"","title":"WHEN FORM MEETS FUNCTION","content":"<p>Wang & Söderström’s vase collection is inspired by the space where digital and physical forms meet, creating unique sculptural objects that serve as miniature pieces of art.<\/p>","link_url":"","link_text":"","background":"","background_gradient":"","text_color":"","heading_color":"","heading_gradient":"","product_card_background":"","product_card_text_color":""}},"93a33a1d-3544-47a1-8a0f-216766647679":{"type":"scrolling-text","settings":{"full_width":true,"text":"Meet our designers","text_size":"large","text_style":"fill","scrolling_mode":"auto","scrolling_speed":5,"background":"","background_gradient":"","text_color":"#dfd1b7","text_gradient":""}},"81714006-f7e0-4d5e-a23e-68583d534d2e":{"type":"rich-text","blocks":{"template--17266417238325__81714006-f7e0-4d5e-a23e-68583d534d2e-16713048374ad72935-0":{"type":"subheading","settings":{"text":"DESIGNERS"}},"template--17266417238325__81714006-f7e0-4d5e-a23e-68583d534d2e-16713048374ad72935-1":{"type":"heading","settings":{"text":"FROM ALL OVER THE WORLD","heading_tag":"h1","text_color":"","gradient":""}},"template--17266417238325__81714006-f7e0-4d5e-a23e-68583d534d2e-16713048374ad72935-2":{"type":"richtext","settings":{"content":"<p>HAY has always believed that good design is everyone’s right. That’s why, from the very beginning, co-founders and Creative Directors Mette and Rolf Hay committed to working with their generation’s best designers from all over the world to create high-quality products that would be available to a wide audience. This founding principle continues to motivate us today.<\/p>"}},"4104ff75-2aad-44f2-881e-f6d0fe79cff7":{"type":"button","settings":{"style":"outline","size":"xl","text":"MEET THE DESIGNERS","url":"","background":"","text_color":""}}},"block_order":["template--17266417238325__81714006-f7e0-4d5e-a23e-68583d534d2e-16713048374ad72935-0","template--17266417238325__81714006-f7e0-4d5e-a23e-68583d534d2e-16713048374ad72935-1","template--17266417238325__81714006-f7e0-4d5e-a23e-68583d534d2e-16713048374ad72935-2","4104ff75-2aad-44f2-881e-f6d0fe79cff7"],"settings":{"full_width":true,"content_width":"small","text_position":"center","background":"","background_gradient":"","text_color":""}},"11534b8a-292c-40d5-b65a-4a2e2d41b0c5":{"type":"media-grid","blocks":{"template--17266417238325__11534b8a-292c-40d5-b65a-4a2e2d41b0c5-167130471016b65992-2":{"type":"image","settings":{"image":"shopify:\/\/shop_images\/designer-george-sowden.webp","title":"GEORGE SOWDEN","heading_tag":"h4","link_url":"","link_text":"","mobile_text_position":"place-self-center text-center","desktop_column_span":2,"desktop_row_span":2,"desktop_text_position":"sm:place-self-center sm:text-center","background":"#000000","background_gradient":"","text_color":"#ffffff","text_gradient":"","button_background":"#000000","button_text_color":"#ffffff","overlay_color":"#000000","overlay_opacity":10}},"template--17266417238325__11534b8a-292c-40d5-b65a-4a2e2d41b0c5-167130471016b65992-0":{"type":"image","settings":{"image":"shopify:\/\/shop_images\/designer-clara-von-zweigbergk.webp","title":"CLARA VON ZWEIGBERGK","heading_tag":"h4","link_url":"","link_text":"","mobile_text_position":"place-self-center text-center","desktop_column_span":2,"desktop_row_span":1,"desktop_text_position":"sm:place-self-center sm:text-center","background":"#000000","background_gradient":"","text_color":"#ffffff","text_gradient":"","button_background":"#000000","button_text_color":"#ffffff","overlay_color":"#000000","overlay_opacity":10}},"template--17266417238325__11534b8a-292c-40d5-b65a-4a2e2d41b0c5-167130471016b65992-1":{"type":"image","settings":{"image":"shopify:\/\/shop_images\/designer-pierre-charpin.webp","title":"PIERRE CHARPIN","heading_tag":"h4","link_url":"","link_text":"","mobile_text_position":"place-self-center text-center","desktop_column_span":2,"desktop_row_span":1,"desktop_text_position":"sm:place-self-center sm:text-center","background":"#000000","background_gradient":"","text_color":"#ffffff","text_gradient":"","button_background":"#000000","button_text_color":"#ffffff","overlay_color":"#000000","overlay_opacity":15}}},"block_order":["template--17266417238325__11534b8a-292c-40d5-b65a-4a2e2d41b0c5-167130471016b65992-2","template--17266417238325__11534b8a-292c-40d5-b65a-4a2e2d41b0c5-167130471016b65992-0","template--17266417238325__11534b8a-292c-40d5-b65a-4a2e2d41b0c5-167130471016b65992-1"],"settings":{"full_width":true,"reduce_width":false,"desktop_row_height":290,"mobile_row_height":150,"background":"","background_gradient":""}}},"order":["main","0ed28fc3-3ee6-4fc2-9af8-dcf39614a4b9","018efca6-7a51-4d7d-8981-dbb1e7f5740b","0102300b-5714-4842-9c77-9ca82993c6b9","93a33a1d-3544-47a1-8a0f-216766647679","81714006-f7e0-4d5e-a23e-68583d534d2e","11534b8a-292c-40d5-b65a-4a2e2d41b0c5"]}