{"sections":{"main":{"type":"main-page","disabled":true,"settings":{}},"0ed28fc3-3ee6-4fc2-9af8-dcf39614a4b9":{"type":"slideshow","blocks":{"template--17255572439349__0ed28fc3-3ee6-4fc2-9af8-dcf39614a4b9-16712624206ecec573-0":{"type":"image","settings":{"image":"shopify:\/\/shop_images\/image-text-overlay-desktop-clara.webp","mobile_image":"shopify:\/\/shop_images\/image-text-overlay-mobile-clara.webp","content_max_width":780,"mobile_text_position":"place-self-center text-center","desktop_text_position":"sm:place-self-center sm:text-center","subheading":"","title":"CLARA VON ZWEIGBERGK","heading_tag":"h0","button_text":"","button_link":"","text_color":"#ffffff","button_background":"#ffffff","button_text_color":"#000000","overlay_color":"#000000","overlay_opacity":30,"background":"","background_gradient":""}}},"block_order":["template--17255572439349__0ed28fc3-3ee6-4fc2-9af8-dcf39614a4b9-16712624206ecec573-0"],"settings":{"full_width":true,"allow_transparent_header":true,"image_size":"auto","controls_type":"dots","transition_type":"fade_with_text","autoplay":false,"cycle_speed":6,"background":"#f2f2f2","background_gradient":""}},"7e0e5bd0-e21e-4936-9429-c5edefd07c88":{"type":"multi-column","blocks":{"template--17266218467637__7e0e5bd0-e21e-4936-9429-c5edefd07c88-167130264673584562-0":{"type":"item","settings":{"image":"shopify:\/\/shop_images\/Clara-von-Zweigbergk_Mette-Hay_Ellipse-Tray-01.webp","column_size":"3","title":"CAREER","heading_tag":"h4","content":"<p>She studied at the Beckmans School of Design, Stockholm, and at Art Centre College of Design, Pasadena, USA. She has a breadth of experience in working within both advertising agencies and multidisciplinary design studios.<\/p>","link_url":"","link_text":"","link_style":"link"}},"template--17266218467637__7e0e5bd0-e21e-4936-9429-c5edefd07c88-167130264673584562-1":{"type":"item","settings":{"image":"shopify:\/\/shop_images\/The-Origami-Family-by-Clara-von-Zweigbergk-_9.webp","column_size":"3","title":"STUDIO","heading_tag":"h4","content":"<p>After a period working in Milan, she returned to Sweden to set up her own design studio. Her work has received international recognition, and she has won a number of design awards. Zweigbergk’s work is characterised by simplicity, balance and an exceptionally good grasp of colour.<\/p>","link_url":"","link_text":"","link_style":"link"}}},"block_order":["template--17266218467637__7e0e5bd0-e21e-4936-9429-c5edefd07c88-167130264673584562-0","template--17266218467637__7e0e5bd0-e21e-4936-9429-c5edefd07c88-167130264673584562-1"],"settings":{"full_width":true,"stack_on_mobile":false,"gap":"medium","text_alignment":"start","subheading":"ABOUT","title":"Clara von Zweigbergk is a graphic designer and art director from Stockholm, Sweden.","content":"","background":"","background_gradient":"","text_color":""}},"9aea0ff0-f7db-444c-baa1-987d20a3e52d":{"type":"press","blocks":{"template--17266218467637__9aea0ff0-f7db-444c-baa1-987d20a3e52d-1671302931d04430ec-0":{"type":"quote","settings":{"logo_width":100,"author":"","content":"Inspiration is everything you see, do and hear, awerely or not.","show_rating":false,"rating":4}}},"block_order":["template--17266218467637__9aea0ff0-f7db-444c-baa1-987d20a3e52d-1671302931d04430ec-0"],"settings":{"full_width":true,"content_size":"medium","background":"#62c0bf","background_gradient":"","text_color":"#ffffff","heading_color":"#f2f2f2","heading_gradient":"","logo_item_background":"","logo_item_border":""}},"b0a60144-9558-4ea3-9e71-b29e64852a3f":{"type":"impact-text","blocks":{"template--17266218467637__b0a60144-9558-4ea3-9e71-b29e64852a3f-1671303011a8e0aa44-0":{"type":"item","settings":{"title":"12","subheading":"Years of collaboration with our brand, which started in 2010.","content":"","button_text":"","button_url":"","animate_impact_text":false,"animate_impact_text_duration":2}},"dd9776a4-4e20-490a-9492-e7bb71c5207e":{"type":"item","settings":{"title":"5","subheading":"Products created: Kaleido, Ellipse Tray, Paper Paper Bin, Iris Vase and HAY PLAY","content":"","button_text":"","button_url":"","animate_impact_text":false,"animate_impact_text_duration":2}}},"block_order":["template--17266218467637__b0a60144-9558-4ea3-9e71-b29e64852a3f-1671303011a8e0aa44-0","dd9776a4-4e20-490a-9492-e7bb71c5207e"],"settings":{"full_width":true,"stack_mobile":true,"text_alignment":"center","impact_text_style":"fill","text_divider":"line","impact_text_size_ratio":1.5,"background":"","background_gradient":"","heading_text_color":"#62c0bf","heading_gradient":"","text_color":"#000000","button_background":"","button_text_color":""}},"756c3ccd-a438-48b0-bf11-d4d056e3537a":{"type":"featured-collection","settings":{"collection":"","products":[],"full_width":true,"stack_products":false,"show_progress_bar":true,"products_count":6,"products_per_row_mobile":"2","products_per_row_desktop":5,"subheading":"","title":"DESIGNED FOR HAY","content":"","link_url":"","link_text":"","background":"#f2f2f2","background_gradient":"","text_color":"","heading_color":"","heading_gradient":"","product_card_background":"","product_card_text_color":""}},"ba819910-428a-4e0b-9280-de7678200254":{"type":"collection-list","blocks":{"template--17255572439349__ba819910-428a-4e0b-9280-de7678200254-16712635314d2df520-0":{"type":"collection","settings":{"collection":"","image":"shopify:\/\/shop_images\/Clara_von_Zweigbergk.jpg","subheading":"","title":"CLARA VON ZWEIGBERGK","url":"","heading_tag":"h4","text_position":"place-self-center text-center","text_color":"#ffffff","overlay_color":"#000000","overlay_opacity":20}},"template--17255572439349__ba819910-428a-4e0b-9280-de7678200254-16712635314d2df520-1":{"type":"collection","settings":{"collection":"","image":"shopify:\/\/shop_images\/george_sowden.jpg","subheading":"","title":"GEORGE SOWDEN","url":"","heading_tag":"h4","text_position":"place-self-center text-center","text_color":"#ffffff","overlay_color":"#000000","overlay_opacity":20}},"template--17255572439349__ba819910-428a-4e0b-9280-de7678200254-16712635314d2df520-2":{"type":"collection","settings":{"collection":"","image":"shopify:\/\/shop_images\/Jochen_Holz.jpg","subheading":"","title":"JOCHEN HOLZ","url":"","heading_tag":"h4","text_position":"place-self-center text-center","text_color":"#ffffff","overlay_color":"#000000","overlay_opacity":20}},"f27e9090-f41e-4ae0-8123-60d7bdd85cfd":{"type":"collection","settings":{"collection":"","image":"shopify:\/\/shop_images\/Thomas_Bentzen.jpg","subheading":"","title":"THOMAS BENTZEN","url":"","heading_tag":"h4","text_position":"place-self-center text-center","text_color":"#ffffff","overlay_color":"#000000","overlay_opacity":20}},"981f6940-a893-44b8-bf22-d2895de14a84":{"type":"collection","settings":{"collection":"","image":"shopify:\/\/shop_images\/Muller_Van_Severen.jpg","subheading":"","title":"MULLER VAN SEVEREN","url":"","heading_tag":"h4","text_position":"place-self-center text-center","text_color":"#ffffff","overlay_color":"#000000","overlay_opacity":20}}},"block_order":["template--17255572439349__ba819910-428a-4e0b-9280-de7678200254-16712635314d2df520-0","template--17255572439349__ba819910-428a-4e0b-9280-de7678200254-16712635314d2df520-1","template--17255572439349__ba819910-428a-4e0b-9280-de7678200254-16712635314d2df520-2","f27e9090-f41e-4ae0-8123-60d7bdd85cfd","981f6940-a893-44b8-bf22-d2895de14a84"],"settings":{"full_width":true,"stack_collections":false,"collections_per_row":4,"show_progress_bar":true,"subheading":"","title":"MEET OUR DESIGNERS","content":"","link_url":"","link_text":"VIEW ALL","background":"","background_gradient":"","text_color":"","heading_color":"","heading_gradient":""}}},"order":["main","0ed28fc3-3ee6-4fc2-9af8-dcf39614a4b9","7e0e5bd0-e21e-4936-9429-c5edefd07c88","9aea0ff0-f7db-444c-baa1-987d20a3e52d","b0a60144-9558-4ea3-9e71-b29e64852a3f","756c3ccd-a438-48b0-bf11-d4d056e3537a","ba819910-428a-4e0b-9280-de7678200254"]}