{"sections":{"main":{"type":"main-page","disabled":true,"settings":{}},"0ed28fc3-3ee6-4fc2-9af8-dcf39614a4b9":{"type":"slideshow","blocks":{"template--17255572439349__0ed28fc3-3ee6-4fc2-9af8-dcf39614a4b9-16712624206ecec573-0":{"type":"image","settings":{"image":"shopify:\/\/shop_images\/image-text-overlay-desktop-charpin.webp","mobile_image":"shopify:\/\/shop_images\/image-text-overlay-mobile-charpin.webp","content_max_width":780,"mobile_text_position":"place-self-center text-center","desktop_text_position":"sm:place-self-center sm:text-center","subheading":"","title":"PIERRE CHARPIN","heading_tag":"h0","button_text":"","button_link":"","text_color":"#ffffff","button_background":"#ffffff","button_text_color":"#000000","overlay_color":"#000000","overlay_opacity":30,"background":"","background_gradient":""}}},"block_order":["template--17255572439349__0ed28fc3-3ee6-4fc2-9af8-dcf39614a4b9-16712624206ecec573-0"],"settings":{"full_width":true,"allow_transparent_header":true,"image_size":"auto","controls_type":"dots","transition_type":"fade_with_text","autoplay":false,"cycle_speed":6,"background":"#f2f2f2","background_gradient":""}},"bc4a01dd-f977-4829-8303-88b730f0d00d":{"type":"press","blocks":{"template--17255572439349__bc4a01dd-f977-4829-8303-88b730f0d00d-167126314133a9a7be-1":{"type":"quote","settings":{"logo_width":100,"author":"PIERRE CHARPIN","content":"As a designer, I want to design objects that can easily cross the border between home, office, public space, exterior and interior.","show_rating":false,"rating":4}}},"block_order":["template--17255572439349__bc4a01dd-f977-4829-8303-88b730f0d00d-167126314133a9a7be-1"],"settings":{"full_width":true,"content_size":"medium","background":"#f2f2f2","background_gradient":"","text_color":"#000000","heading_color":"","heading_gradient":"","logo_item_background":"","logo_item_border":""}},"89844c16-ec69-432d-b449-6bfe4dd265c3":{"type":"impact-text","blocks":{"template--17255572439349__89844c16-ec69-432d-b449-6bfe4dd265c3-1671262537a39209af-0":{"type":"item","settings":{"title":"1962","subheading":"Birth","content":"","button_text":"","button_url":"","animate_impact_text":false,"animate_impact_text_duration":2}},"916b0b39-2e63-42ee-9238-b10ffd2cf8b2":{"type":"item","settings":{"title":"1984","subheading":"Gradueted from the École des Beaux-Arts","content":"","button_text":"","button_url":"","animate_impact_text":false,"animate_impact_text_duration":2}},"23574490-af70-469f-b740-50fdbe623fe5":{"type":"item","settings":{"title":"2017","subheading":"Named Designer of the Year","content":"","button_text":"","button_url":"","animate_impact_text":false,"animate_impact_text_duration":2}}},"block_order":["template--17255572439349__89844c16-ec69-432d-b449-6bfe4dd265c3-1671262537a39209af-0","916b0b39-2e63-42ee-9238-b10ffd2cf8b2","23574490-af70-469f-b740-50fdbe623fe5"],"settings":{"full_width":true,"stack_mobile":true,"text_alignment":"center","impact_text_style":"fill","text_divider":"none","impact_text_size_ratio":1.2,"background":"","background_gradient":"","heading_text_color":"#708a5c","heading_gradient":"","text_color":"","button_background":"","button_text_color":""}},"59927fc1-2253-4785-8871-4ba553d1457f":{"type":"timeline","blocks":{"template--17255572439349__59927fc1-2253-4785-8871-4ba553d1457f-1671268877246b7061-0":{"type":"slide","settings":{"image":"shopify:\/\/shop_images\/1500x1500_2_1.webp","navigation_label":"1962","subheading":"BIRTH","title":"THE BIRTH OF AN ARTIST","content":"<p>The french designer Pierre Charpin was born in 1962 in Saint-Mandé from artist parents, his father is a sculptor and his mother a high-ranking tapestry?<\/p>"}},"template--17255572439349__59927fc1-2253-4785-8871-4ba553d1457f-1671268877246b7061-1":{"type":"slide","settings":{"image":"shopify:\/\/shop_images\/1500x1500_4_1.webp","navigation_label":"1984","subheading":"STUDIES AND DEGREE","title":"THE BEGINNING OF THE ADVENTURE","content":"<p>After studying at the École des Beaux-Arts de Bourges, Pierre Charpin graduated in 1984<\/p>"}},"f1cfd8de-f8b6-47d6-9ba8-9faa03ae8c5f":{"type":"slide","settings":{"image":"shopify:\/\/shop_images\/1500x1500_3_1.webp","navigation_label":"1990’s","subheading":"A DEDICATION","title":"FOCUSED ON OBJECTS AND FURNITURE","content":"<p>He is mainly dedicated to furniture and object design. Between 1993 and 1994, he stayed in Milan in the studio of George Sowden (former member of the Memphis group). In 1998, Cinova released the Slice armchair, which will be reissued in 2016 by Ligne Roset. He is invited by the CIRVA (International Research Centre on Glass and Plastic Arts) in Marseille to create a series of glass objects (1998-2000)<\/p>"}},"3ba9180b-b010-4b1d-97ee-6fd7bf404ecb":{"type":"slide","settings":{"image":"shopify:\/\/shop_images\/1500x1500_5_1.webp","navigation_label":"2000","subheading":"EXHIBITIONS","title":"PIECES IN LIMITED EDITION","content":"<p>In 2000, he created a series of ceramics in Vallauris, which were presented at the Vallauris Museum and the Kreo Gallery.<\/p>"}},"53d7673a-d36f-41a5-938c-51a2d4399942":{"type":"slide","settings":{"image":"shopify:\/\/shop_images\/1500x1500_7_1.webp","navigation_label":"2005","subheading":"EXCLUSIVE COLLABORATION","title":"KREO GALLERY","content":"<p>Since 2005 and after a first solo exhibition in 1999, the Kreo Gallery (Paris) has exclusively published its limited-edition pieces, presented in solo exhibitions: Platform in 2006, All'aperto in 2008, 8 1\/2 in 2009, Ignotus Nomen in 2011, Marbles & Clowns in 2015 and Similitude(s) in 2020.<\/p>"}},"d1ebb5c1-3041-4966-84d5-07b17182ad69":{"type":"slide","settings":{"image":"shopify:\/\/shop_images\/1500x1500_8_1.webp","navigation_label":"2017","subheading":"THE CONSECRATION","title":"DESIGNER OF THE YEAR","content":"<p>IN 2017, HE WAS NAMED DESIGNER OF THE YEAR BY MAISON & OBJET.<\/p>"}}},"block_order":["template--17255572439349__59927fc1-2253-4785-8871-4ba553d1457f-1671268877246b7061-0","template--17255572439349__59927fc1-2253-4785-8871-4ba553d1457f-1671268877246b7061-1","f1cfd8de-f8b6-47d6-9ba8-9faa03ae8c5f","3ba9180b-b010-4b1d-97ee-6fd7bf404ecb","53d7673a-d36f-41a5-938c-51a2d4399942","d1ebb5c1-3041-4966-84d5-07b17182ad69"],"settings":{"full_width":true,"impact_text_ratio":1,"background":"","background_gradient":"","text_color":"","impact_text_color":"","impact_text_gradient":""}},"93a33a1d-3544-47a1-8a0f-216766647679":{"type":"scrolling-text","settings":{"full_width":true,"text":"French designer but with Scandinavian philosophy","text_size":"large","text_style":"fill","scrolling_mode":"auto","scrolling_speed":5,"background":"","background_gradient":"","text_color":"#708a5c","text_gradient":""}},"ca19adf8-cb4a-424b-ab6a-db4eaa53b96a":{"type":"media-with-text","blocks":{"template--17266199920949__ca19adf8-cb4a-424b-ab6a-db4eaa53b96a-16713041554f6424d5-0":{"type":"image","settings":{"image":"shopify:\/\/shop_images\/1500x1500-pc-lamp_1.webp","media_width":60,"media_position":"end","text_position":"place-self-center-start text-start","icon":"none","icon_width":48,"subheading":"","title":"OUR SUCCESSFUL COLLABORATION ON THE PC PORTABLE LAMP","content":"<p>If the designer of the PC collection is French, his philosophy is very Scandinavian: simplicity, precision and modesty, functionality and visual obscuration of technical components.<\/p>","link_text":"SHOP","link_url":"","background":"#ffffff","background_gradient":"","text_color":"#000000","text_gradient":"","button_background":"#000000","button_text_color":"#ffffff"}}},"block_order":["template--17266199920949__ca19adf8-cb4a-424b-ab6a-db4eaa53b96a-16713041554f6424d5-0"],"settings":{"full_width":true,"enable_parallax":false,"spacing":"small"}},"ba819910-428a-4e0b-9280-de7678200254":{"type":"collection-list","blocks":{"template--17255572439349__ba819910-428a-4e0b-9280-de7678200254-16712635314d2df520-0":{"type":"collection","settings":{"collection":"","image":"shopify:\/\/shop_images\/Clara_von_Zweigbergk.jpg","subheading":"","title":"CLARA VON ZWEIGBERGK","url":"","heading_tag":"h4","text_position":"place-self-center text-center","text_color":"#ffffff","overlay_color":"#000000","overlay_opacity":20}},"template--17255572439349__ba819910-428a-4e0b-9280-de7678200254-16712635314d2df520-1":{"type":"collection","settings":{"collection":"","image":"shopify:\/\/shop_images\/george_sowden.jpg","subheading":"","title":"GEORGE SOWDEN","url":"","heading_tag":"h4","text_position":"place-self-center text-center","text_color":"#ffffff","overlay_color":"#000000","overlay_opacity":20}},"template--17255572439349__ba819910-428a-4e0b-9280-de7678200254-16712635314d2df520-2":{"type":"collection","settings":{"collection":"","image":"shopify:\/\/shop_images\/Jochen_Holz.jpg","subheading":"","title":"JOCHEN HOLZ","url":"","heading_tag":"h4","text_position":"place-self-center text-center","text_color":"#ffffff","overlay_color":"#000000","overlay_opacity":20}},"f27e9090-f41e-4ae0-8123-60d7bdd85cfd":{"type":"collection","settings":{"collection":"","image":"shopify:\/\/shop_images\/Thomas_Bentzen.jpg","subheading":"","title":"THOMAS BENTZEN","url":"","heading_tag":"h4","text_position":"place-self-center text-center","text_color":"#ffffff","overlay_color":"#000000","overlay_opacity":20}},"981f6940-a893-44b8-bf22-d2895de14a84":{"type":"collection","settings":{"collection":"","image":"shopify:\/\/shop_images\/Muller_Van_Severen.jpg","subheading":"","title":"MULLER VAN SEVEREN","url":"","heading_tag":"h4","text_position":"place-self-center text-center","text_color":"#ffffff","overlay_color":"#000000","overlay_opacity":20}}},"block_order":["template--17255572439349__ba819910-428a-4e0b-9280-de7678200254-16712635314d2df520-0","template--17255572439349__ba819910-428a-4e0b-9280-de7678200254-16712635314d2df520-1","template--17255572439349__ba819910-428a-4e0b-9280-de7678200254-16712635314d2df520-2","f27e9090-f41e-4ae0-8123-60d7bdd85cfd","981f6940-a893-44b8-bf22-d2895de14a84"],"settings":{"full_width":true,"stack_collections":false,"collections_per_row":4,"show_progress_bar":true,"subheading":"","title":"MEET OUR DESIGNERS","content":"","link_url":"","link_text":"VIEW ALL","background":"","background_gradient":"","text_color":"","heading_color":"","heading_gradient":""}}},"order":["main","0ed28fc3-3ee6-4fc2-9af8-dcf39614a4b9","bc4a01dd-f977-4829-8303-88b730f0d00d","89844c16-ec69-432d-b449-6bfe4dd265c3","59927fc1-2253-4785-8871-4ba553d1457f","93a33a1d-3544-47a1-8a0f-216766647679","ca19adf8-cb4a-424b-ab6a-db4eaa53b96a","ba819910-428a-4e0b-9280-de7678200254"]}