{"sections":{"main":{"type":"main-page","disabled":true,"settings":{}},"8046a53e-c455-4226-bdee-d1f4d67a3e89":{"type":"faq","blocks":{"template--16835795812618__8046a53e-c455-4226-bdee-d1f4d67a3e89-1672843561158610a1-0":{"type":"item","settings":{"title":"What currencies are available on the website?","content":"<p>All prices are in USD, CAD and GBP<\/p>"}},"template--16835795812618__8046a53e-c455-4226-bdee-d1f4d67a3e89-1672843561158610a1-1":{"type":"item","settings":{"title":"I just placed an order, when will it ship?","content":"<p>We try our best to ship items as fast as we can. Please allow 3 business days for your order to ship out, average shipping times are 3-10 days.<br\/>Tracking numbers will be updated 3-10 days after your order has been SHIPPED. If you don't have a tracking number after 7 business please email us.<\/p>"}},"template--16835795812618__8046a53e-c455-4226-bdee-d1f4d67a3e89-1672843561158610a1-2":{"type":"item","settings":{"title":"I am not happy with my order, can it be returned? What if there is an issue?","content":"<p>We offer a 100 % money back guarantee if the product is defective or damaged. We give you 30 days to send it back to us for a full refund. You must ship it back at your own expense, once we have received the product we will refund the full amount of your original purchase. Please Include all a name and order number on the returned parcels.<br\/>Please note: If you your package is on the way, you must wait for it to arrive and return it before receiving a refund.<\/p>"}},"265a3626-725f-42f7-a3a8-e45e210c5f57":{"type":"item","settings":{"title":"Can I cancel my order?","content":"<p>You are able to cancel your order with no penalty! You must cancel your order before it ships. If the item is already sent please use our easy return system to get a full refund.<\/p>"}},"eee0b19b-7821-47da-8836-2f45de9a9bbb":{"type":"item","settings":{"title":"I have entered an incorrect address what do I do now?","content":"<p>If you have miss spelled or auto-filled in an incorrect address, simply reply to your order confirmation email and confirm. Once you double check if the address given is wrong kindly notify us via email. If the given address is wrong we can change the address to the correct one within 24 hours. No refund will be given after the 24 hours of incorrect submission.<\/p>"}},"88aad427-cc0c-4af0-a4aa-c17bf1eb9749":{"type":"item","settings":{"title":"How long does shipping take?","content":"<p>Shipping times vary as we do ship worldwide from different fulfillment centers based on your location. The average shipping time is 3-10 business days.<\/p>"}},"adbf2f53-d119-45e2-ae04-661257438af8":{"type":"item","settings":{"title":"I have a question that wasn't answered, can you please help?","content":"<p>Absolutely! We are here to help you make your home beautiful! Please send us an emailand we will be happy to assist you in any way we can.<br\/>We do receive a large number of emails, If you wish to get a prompt response please attach your order number and address the problem clearly, thanks.<\/p>"}}},"block_order":["template--16835795812618__8046a53e-c455-4226-bdee-d1f4d67a3e89-1672843561158610a1-0","template--16835795812618__8046a53e-c455-4226-bdee-d1f4d67a3e89-1672843561158610a1-1","template--16835795812618__8046a53e-c455-4226-bdee-d1f4d67a3e89-1672843561158610a1-2","265a3626-725f-42f7-a3a8-e45e210c5f57","eee0b19b-7821-47da-8836-2f45de9a9bbb","88aad427-cc0c-4af0-a4aa-c17bf1eb9749","adbf2f53-d119-45e2-ae04-661257438af8"],"settings":{"full_width":true,"subheading":"FAQ's","title":"HAVE A QUESTION ? WE ARE HERE TO HELP.","content":"<p> <\/p>","team_avatar":"shopify:\/\/shop_images\/shutterstock_1996235378.png","team_avatar_width":160,"support_hours":"Our customer support is available 24\/7.","answer_time":"Average answer time: 2h","button_text":"","button_url":"","text_position":"start","background":"#f1f1f1","background_gradient":"","text_color":"#000000","heading_color":"","heading_gradient":"","button_background":"","button_text_color":"","accordion_background":"","accordion_text_color":""}}},"order":["main","8046a53e-c455-4226-bdee-d1f4d67a3e89"]}