{"sections":{"main":{"type":"main-product","blocks":{"8c49f0ca-4fab-4153-b3ca-5c98442e114a":{"type":"rating","disabled":true,"settings":{"show_empty":true}},"title":{"type":"title","settings":{"heading_tag":"h2"}},"price":{"type":"price","settings":{"show_taxes_notice":false}},"separator":{"type":"separator","settings":{}},"variant_picker":{"type":"variant_picker","settings":{"hide_sold_out_variants":false,"stack_blocks":true,"selector_mode":"block","color_mode":"variant","size_chart_page":""}},"quantity_selector":{"type":"quantity_selector","settings":{}},"buy_buttons":{"type":"buy_buttons","settings":{"show_payment_button":true,"atc_button_background":"","atc_button_text_color":"","payment_button_background":"","payment_button_text_color":""}},"830dd228-cc35-4650-b03b-9dd82f64698b":{"type":"offer","settings":{"text_alignment":"center","icon_position":"aligned","icon":"picto-truck","icon_width":24,"title":"FREE SHIPPING (3-10 DAYS)","content":"","background":"#e6e6e6","text_color":"#000000"}},"28b8bd26-eb45-4b36-8cd3-e6f30eb503d1":{"type":"associated_products","settings":{"title":"Buy it with","stack_products":true,"products_count":5,"background":"","text_color":""}},"f783daa0-a401-4038-b803-23e789d7e0b1":{"type":"image","settings":{"image":"shopify:\/\/shop_images\/SS.png","alignment":"center","max_width":500}},"6ba07645-fb36-4cbf-b11b-181d314aafd3":{"type":"share_buttons","settings":{"alignment":"start"}}},"block_order":["8c49f0ca-4fab-4153-b3ca-5c98442e114a","title","price","separator","variant_picker","quantity_selector","buy_buttons","830dd228-cc35-4650-b03b-9dd82f64698b","28b8bd26-eb45-4b36-8cd3-e6f30eb503d1","f783daa0-a401-4038-b803-23e789d7e0b1","6ba07645-fb36-4cbf-b11b-181d314aafd3"],"settings":{"full_width":true,"show_fixed_add_to_cart":true,"desktop_media_width":40,"desktop_media_layout":"carousel_thumbnails_left","mobile_media_size":"expanded","mobile_carousel_control":"floating_dots","enable_video_autoplay":false,"enable_video_looping":true,"enable_image_zoom":true,"max_image_zoom_level":3,"background":"","background_gradient":"","text_color":"","input_background":"rgba(0,0,0,0)","input_text_color":""}},"eb208ed3-ada2-479c-a5dc-2f0e5d19e7a8":{"type":"accordion-content","blocks":{"template--17255572111669__eb208ed3-ada2-479c-a5dc-2f0e5d19e7a8-1671519944afd26d00-0":{"type":"item","settings":{"title":"Screen material","content":"<p>AMOLED<\/p>"}},"template--17255572111669__eb208ed3-ada2-479c-a5dc-2f0e5d19e7a8-1671519944afd26d00-2":{"type":"item","settings":{"title":"Wristband material","content":"<p>Silicone<\/p>"}},"1d3e5808-0245-4db8-9b1d-11368088779e":{"type":"item","settings":{"title":"Battery capacity","content":"<p>230 mAh<\/p>"}},"template--17255572111669__eb208ed3-ada2-479c-a5dc-2f0e5d19e7a8-1671519944afd26d00-1":{"type":"item","settings":{"title":"Product size","content":"<p>41.5 * 41.5 * 12.6MM<\/p>"}},"badcbe44-9efa-4fd2-80e8-2525cf0a7da6":{"type":"item","settings":{"title":"Applicable platform","content":"<p> ANDROID<\/p>"}},"885d990e-9e4a-4de1-acdf-2f53b63b2b05":{"type":"item","settings":{"title":"Packing list","content":"<p>Smart watch, manual, charging stand, packing box<\/p>"}}},"block_order":["template--17255572111669__eb208ed3-ada2-479c-a5dc-2f0e5d19e7a8-1671519944afd26d00-0","template--17255572111669__eb208ed3-ada2-479c-a5dc-2f0e5d19e7a8-1671519944afd26d00-2","1d3e5808-0245-4db8-9b1d-11368088779e","template--17255572111669__eb208ed3-ada2-479c-a5dc-2f0e5d19e7a8-1671519944afd26d00-1","badcbe44-9efa-4fd2-80e8-2525cf0a7da6","885d990e-9e4a-4de1-acdf-2f53b63b2b05"],"settings":{"full_width":true,"subheading":"Description","title":"RAPIDRUN SMARTWATCH","content":"<p>is a versatile and stylish device that is suitable for a wide range of people, including children, adults, business professionals, and the elderly. With a screen size of 1.2 inches and an AMOLED screen material, the watch offers clear and bright display. It has a USB 2.0 interface and is fully compatible with both Android and iOS platforms. The watch does not have a camera, but it has a range of other features, including step counting, mobile positioning, health monitoring, sleep analysis, and exercise tracking. <\/p><p>It also offers audio-visual entertainment and social entertainment options, as well as smart reminders and a remote self-timer. The wristband is made of silicone and is available in M\/L size, suitable for a wrist circumference of 150-200 mm. The watch has a touch and button operation mode and a battery capacity of 230 mAh. It is available in three stylish colors: black, gold, and silver gray. The packing list includes the smart watch, manual, charging stand, and packing box.<\/p>","button_text":"","button_url":"","text_position":"start","background":"","background_gradient":"","text_color":"","heading_color":"","heading_gradient":"","button_background":"","button_text_color":"","accordion_background":"","accordion_text_color":""}},"1672917552bf8d5fba":{"type":"apps","settings":{"full_width":true,"remove_vertical_spacing":false,"remove_horizontal_spacing":false,"background":"","background_gradient":"","text_color":"","enable_review_integration":true,"review_header_gradient":"linear-gradient(135deg, rgba(255, 194, 102, 1), rgba(255, 163, 26, 1) 100%)","review_header_text_color":"#000000","review_button_background":"#000000","review_button_text_color":"#ffffff"}},"f5116ced-446e-4bd9-a235-144941e82afd":{"type":"scrolling-text","settings":{"full_width":true,"text":"Crafted with Excellence","text_size":"small","text_style":"fill","scrolling_mode":"auto","scrolling_speed":5,"background":"","background_gradient":"","text_color":"#62357c","text_gradient":"linear-gradient(90deg, rgba(10, 234, 237, 1) 11%, rgba(250, 13, 253, 1) 84%)"}},"ebacc844-ce6a-4bb3-b2fb-b93f6bdf5fc4":{"type":"slideshow","blocks":{"template--17255572111669__ebacc844-ce6a-4bb3-b2fb-b93f6bdf5fc4-16715202747a64f9bc-0":{"type":"image","settings":{"image":"shopify:\/\/shop_images\/banner_7.jpg","mobile_image":"shopify:\/\/shop_images\/Untitled_design_3.png","content_max_width":780,"mobile_text_position":"place-self-center text-center","desktop_text_position":"sm:place-self-center sm:text-center","subheading":"","title":"Making you fabulous","heading_tag":"h0","button_text":"","button_link":"","text_color":"#ffffff","button_background":"#ffffff","button_text_color":"#000000","overlay_color":"#000000","overlay_opacity":30,"background":"","background_gradient":""}}},"block_order":["template--17255572111669__ebacc844-ce6a-4bb3-b2fb-b93f6bdf5fc4-16715202747a64f9bc-0"],"settings":{"full_width":true,"allow_transparent_header":false,"image_size":"auto","controls_type":"dots","transition_type":"fade_with_text","autoplay":false,"cycle_speed":6,"background":"#f2f2f2","background_gradient":""}},"c0e70cca-1458-456e-a485-e4e08c655052":{"type":"media-with-text","blocks":{"template--16821234139402__c0e70cca-1458-456e-a485-e4e08c655052-167281625331d416b4-0":{"type":"image","settings":{"image":"shopify:\/\/shop_images\/promo_5.jpg","media_width":50,"media_position":"end","text_position":"place-self-center-start text-start","icon":"none","custom_icon":"shopify:\/\/shop_images\/favorite.png","icon_width":48,"subheading":"","title":"FEATURES","content":"<p>Bracelet display function: time display, message,battery icon display, date display, standard motion function,heart rate, blood pressure detection, blood oxygen detection,ECG, sleep time display, Stopwatch,music control,sport functions (Steps counting monitor, tracking your daily data ect.)<br\/><br\/>Reminder function:incoming call,ring, SMS, QQ, WeChat reminder, Facebook, Whatsapp, Twitter, Skype, and other foreign social software reminders, alarm clocks, sedentary reminders.<br\/><br\/>Other functions: intelligent anti-lost, Shake to remote control photography, do not disturb mode, raise hand to bright screen, time format setting, factory reset, reject incoming calls, etc.<br\/><br\/>Up key(Function Button): Press for wake up the screen, press again for enter Multiple activities model.Down button(Power Button): Long press for switch ON\/OFF the watch; press for wake the screen and off the screen.<\/p>","link_text":"","link_url":"","background":"rgba(0,0,0,0)","background_gradient":"","text_color":"rgba(0,0,0,0)","text_gradient":"","button_background":"","button_text_color":""}},"404a2f10-d96e-4763-b9a7-19c08db49b95":{"type":"image","settings":{"image":"shopify:\/\/shop_images\/promo_3_1.jpg","media_width":50,"media_position":"start","text_position":"place-self-center-start text-start","icon":"none","custom_icon":"shopify:\/\/shop_images\/translation.png","icon_width":48,"subheading":"","title":"SUPPORTED LANGUAGES","content":"<p>English, Korean Japanese, German, Russian, Spanish, Italian, French, Ukrainian, Arabic, Portuguese<\/p>","link_text":"","link_url":"","background":"rgba(0,0,0,0)","background_gradient":"","text_color":"rgba(0,0,0,0)","text_gradient":"","button_background":"","button_text_color":""}}},"block_order":["template--16821234139402__c0e70cca-1458-456e-a485-e4e08c655052-167281625331d416b4-0","404a2f10-d96e-4763-b9a7-19c08db49b95"],"settings":{"full_width":true,"enable_parallax":false,"spacing":"small"}},"30ab0b5d-f511-44a6-b106-8de2f8a285a8":{"type":"tabs","blocks":{"template--16821234139402__30ab0b5d-f511-44a6-b106-8de2f8a285a8-16728275097d6eb491-0":{"type":"tab","settings":{"title":"Battery","content":"<p>After you receive the watch, please charging it first. Because after a long period of logistics, the watch has a low battery.<\/p>","page":""}},"template--16821234139402__30ab0b5d-f511-44a6-b106-8de2f8a285a8-16728275097d6eb491-1":{"type":"tab","settings":{"title":"Usage","content":"<p>Do not use the smart bracelet in sea water, hot water or warm water!<\/p>","page":""}},"template--16821234139402__30ab0b5d-f511-44a6-b106-8de2f8a285a8-16728275097d6eb491-2":{"type":"tab","settings":{"title":"Sensor","content":"<p>Wearable devices monitors human activities through electronic sensors and they are at the consumers electronic level. It's normal for certain deviation. The user should treat data objectively.<\/p>","page":""}},"0d6163c6-b14f-4393-bffa-f73c15709e96":{"type":"tab","settings":{"title":"Equipment","content":"<p>Please do not compare to hospital equipment about reading, it is NOT a medical device! please don't buy for check the health (heart problem, blood pressure problem) it's not for professional use, the health check can be shared with doctors for reference.<\/p>","page":""}},"903caabb-0b4a-40ea-8278-e0ffc4d9f7d4":{"type":"tab","settings":{"title":"Button Switch","content":"<p>There is a switch button to take the band off to change at the back-case connector with the band.<\/p>","page":""}}},"block_order":["template--16821234139402__30ab0b5d-f511-44a6-b106-8de2f8a285a8-16728275097d6eb491-0","template--16821234139402__30ab0b5d-f511-44a6-b106-8de2f8a285a8-16728275097d6eb491-1","template--16821234139402__30ab0b5d-f511-44a6-b106-8de2f8a285a8-16728275097d6eb491-2","0d6163c6-b14f-4393-bffa-f73c15709e96","903caabb-0b4a-40ea-8278-e0ffc4d9f7d4"],"settings":{"full_width":true,"content_size":"medium","subheading":"","title":"instructions","first_tab_open":false,"background":"","background_gradient":"","text_color":"","heading_color":"","heading_gradient":""}},"dd58e239-e609-4ce2-abc1-a507ecda1845":{"type":"faq","blocks":{"template--17255572111669__dd58e239-e609-4ce2-abc1-a507ecda1845-167152079719651332-0":{"type":"item","settings":{"title":"How long does shipping take?","content":"<p>Shipping times vary as we do ship worldwide from different fulfillment centers based on your location. The average shipping time is 3-5 business days.<\/p>"}},"template--17255572111669__dd58e239-e609-4ce2-abc1-a507ecda1845-167152079719651332-1":{"type":"item","settings":{"title":"Can I cancel my order?","content":"<p>You are able to cancel your order with no penalty! You must cancel your order before it ships. If the item is already sent please use our easy return system to get a full refund.<\/p>"}},"template--17255572111669__dd58e239-e609-4ce2-abc1-a507ecda1845-167152079719651332-2":{"type":"item","settings":{"title":"I am not happy with my order, can it be returned? What if there is an issue?","content":"<p>We offer a 100 % money back guarantee if the product is defective or damaged. We give you 30 days to send it back to us for a full refund. You must ship it back at your own expense, once we have received the product we will refund the full amount of your original purchase. Please Include all a name and order number on the returned parcels.<br\/>Please note: If you your package is on the way, you must wait for it to arrive and return it before receiving a refund.<\/p>"}},"a092f6f2-b1a6-45cb-a07c-c58d40398564":{"type":"item","settings":{"title":"Any questions?","content":"<p>You can contact us through our <a href=\"\/pages\/contact\" title=\"Contact\"><strong>contact<\/strong><\/a> page! We will be happy to assist you.<\/p>"}}},"block_order":["template--17255572111669__dd58e239-e609-4ce2-abc1-a507ecda1845-167152079719651332-0","template--17255572111669__dd58e239-e609-4ce2-abc1-a507ecda1845-167152079719651332-1","template--17255572111669__dd58e239-e609-4ce2-abc1-a507ecda1845-167152079719651332-2","a092f6f2-b1a6-45cb-a07c-c58d40398564"],"settings":{"full_width":false,"subheading":"FAQ's","title":"Have a question ? We are here to help.","content":"","team_avatar":"shopify:\/\/shop_images\/shutterstock_1996235378.png","team_avatar_width":160,"support_hours":"Our customer support is available 24\/7.","answer_time":"Average answer time: 24h","button_text":"","button_url":"","text_position":"start","background":"#f5f5f5","background_gradient":"","text_color":"#000000","heading_color":"","heading_gradient":"","button_background":"","button_text_color":"","accordion_background":"#ffffff","accordion_text_color":"#000000"}}},"order":["main","eb208ed3-ada2-479c-a5dc-2f0e5d19e7a8","1672917552bf8d5fba","f5116ced-446e-4bd9-a235-144941e82afd","ebacc844-ce6a-4bb3-b2fb-b93f6bdf5fc4","c0e70cca-1458-456e-a485-e4e08c655052","30ab0b5d-f511-44a6-b106-8de2f8a285a8","dd58e239-e609-4ce2-abc1-a507ecda1845"]}