{"sections":{"main":{"type":"main-product","blocks":{"12017910-c68c-4810-97bf-c45218a2663f":{"type":"rating","disabled":true,"settings":{"show_empty":true}},"title":{"type":"title","settings":{"heading_tag":"h2"}},"price":{"type":"price","settings":{"show_taxes_notice":false}},"judgeme_preview_badge_product_page_67970daa":{"type":"shopify:\/\/apps\/judge-me-product-reviews\/blocks\/preview_badge\/61ccd3b1-a9f2-4160-9fe9-4fec8413e5d8","settings":{}},"separator":{"type":"separator","settings":{}},"variant_picker":{"type":"variant_picker","settings":{"hide_sold_out_variants":true,"stack_blocks":true,"selector_mode":"block","color_mode":"dropdown","size_chart_page":""}},"quantity_selector":{"type":"quantity_selector","settings":{}},"buy_buttons":{"type":"buy_buttons","settings":{"show_payment_button":true,"atc_button_background":"","atc_button_text_color":"","payment_button_background":"","payment_button_text_color":""}},"830dd228-cc35-4650-b03b-9dd82f64698b":{"type":"offer","settings":{"text_alignment":"center","icon_position":"aligned","icon":"picto-credit-card","icon_width":24,"title":"Payment information","content":"<p>is processed securely with <strong>Stripe<\/strong> and <strong>ShopPay<\/strong><\/p>","background":"#efefef","text_color":"#000000"}},"28b8bd26-eb45-4b36-8cd3-e6f30eb503d1":{"type":"associated_products","settings":{"title":"Buy it with","stack_products":true,"products_count":5,"background":"","text_color":""}},"1f6b85fd-e6a9-4a8c-b62c-6e82c007555f":{"type":"image","disabled":true,"settings":{"alignment":"center","max_width":500}},"ab5ab6b4-b6f2-40a9-8dab-441dd53f7f84":{"type":"description","settings":{"collapse_content":false}},"6ba07645-fb36-4cbf-b11b-181d314aafd3":{"type":"share_buttons","settings":{"alignment":"start"}}},"block_order":["12017910-c68c-4810-97bf-c45218a2663f","title","price","judgeme_preview_badge_product_page_67970daa","separator","variant_picker","quantity_selector","buy_buttons","830dd228-cc35-4650-b03b-9dd82f64698b","28b8bd26-eb45-4b36-8cd3-e6f30eb503d1","1f6b85fd-e6a9-4a8c-b62c-6e82c007555f","ab5ab6b4-b6f2-40a9-8dab-441dd53f7f84","6ba07645-fb36-4cbf-b11b-181d314aafd3"],"settings":{"full_width":true,"show_fixed_add_to_cart":true,"desktop_media_width":40,"desktop_media_layout":"carousel_thumbnails_bottom","mobile_media_size":"contained","mobile_carousel_control":"free_scroll","enable_video_autoplay":false,"enable_video_looping":true,"enable_image_zoom":true,"max_image_zoom_level":3,"background":"#ffffff","background_gradient":"","text_color":"#1d2958","input_background":"rgba(0,0,0,0)","input_text_color":"#1d2958"}},"judgeme_section_review_widget_f678":{"type":"apps","blocks":{"judgeme_review_widget_2ba9de46":{"type":"shopify:\/\/apps\/judge-me-product-reviews\/blocks\/review_widget\/61ccd3b1-a9f2-4160-9fe9-4fec8413e5d8","settings":{}}},"block_order":["judgeme_review_widget_2ba9de46"],"settings":{"full_width":true,"remove_vertical_spacing":false,"remove_horizontal_spacing":false,"background":"","background_gradient":"","text_color":"","enable_review_integration":true,"review_header_gradient":"linear-gradient(135deg, #FFC266 0%, #FFA31A 100%)","review_header_text_color":"#000000","review_button_background":"#000000","review_button_text_color":"#ffffff"}},"judgeme_section_review_widget_7b32":{"type":"apps","settings":{"full_width":true,"remove_vertical_spacing":false,"remove_horizontal_spacing":false,"background":"#f0f0f0","background_gradient":"","text_color":"","enable_review_integration":true,"review_header_gradient":"linear-gradient(135deg, rgba(255, 194, 102, 1), rgba(255, 163, 26, 1) 100%)","review_header_text_color":"#000000","review_button_background":"#000000","review_button_text_color":"#ffffff"}},"dd58e239-e609-4ce2-abc1-a507ecda1845":{"type":"faq","blocks":{"template--17255572111669__dd58e239-e609-4ce2-abc1-a507ecda1845-167152079719651332-0":{"type":"item","settings":{"title":"How long does shipping take?","content":"<p>Shipping times vary as we do ship worldwide from different fulfillment centers based on your location. The average shipping time is 5-11 business days.<\/p>"}},"template--17255572111669__dd58e239-e609-4ce2-abc1-a507ecda1845-167152079719651332-1":{"type":"item","settings":{"title":"Can I cancel my order?","content":"<p>You are able to cancel your order with no penalty! You must cancel your order before it ships. If the item is already sent, please contact us to find a solution, then to give you a full refund.<\/p>"}},"template--17255572111669__dd58e239-e609-4ce2-abc1-a507ecda1845-167152079719651332-2":{"type":"item","settings":{"title":"I am not happy with my order, can it be returned? What if there is an issue?","content":"<p>We offer a 100 % money back guarantee if the product is defective or damaged. We give you 30 days to send it back to us for a full refund. You must ship it back at your own expense, once we have received the product we will refund the full amount of your original purchase. Please Include all a name and order number on the returned parcels.<br\/><strong>Please note:<\/strong> If you your package is on the way, you must wait for it to arrive and return it before receiving a refund.<\/p>"}},"a092f6f2-b1a6-45cb-a07c-c58d40398564":{"type":"item","settings":{"title":"Any questions?","content":"<p>You can contact us through our <a href=\"\/pages\/contact\" title=\"Contact\"><strong>contact<\/strong><\/a> page! We will be happy to assist you.<\/p>"}}},"block_order":["template--17255572111669__dd58e239-e609-4ce2-abc1-a507ecda1845-167152079719651332-0","template--17255572111669__dd58e239-e609-4ce2-abc1-a507ecda1845-167152079719651332-1","template--17255572111669__dd58e239-e609-4ce2-abc1-a507ecda1845-167152079719651332-2","a092f6f2-b1a6-45cb-a07c-c58d40398564"],"settings":{"full_width":false,"subheading":"FAQ's","title":"Have a question? We are here to help.","content":"","team_avatar":"shopify:\/\/shop_images\/agent.png","team_avatar_width":160,"support_hours":"Our customer support is available 24\/7.","answer_time":"Average answer time: 2h","button_text":"","button_url":"","text_position":"start","background":"#ffffff","background_gradient":"","text_color":"#1d2958","heading_color":"","heading_gradient":"","button_background":"","button_text_color":"","accordion_background":"#ffffff","accordion_text_color":"#1d2958"}}},"order":["main","judgeme_section_review_widget_f678","judgeme_section_review_widget_7b32","dd58e239-e609-4ce2-abc1-a507ecda1845"]}