{"sections":{"main":{"type":"main-product","blocks":{"title":{"type":"title","settings":{"heading_tag":"h2"}},"price":{"type":"price","settings":{"show_taxes_notice":false}},"separator":{"type":"separator","settings":{}},"variant_picker":{"type":"variant_picker","settings":{"hide_sold_out_variants":false,"stack_blocks":true,"selector_mode":"block","color_mode":"color","size_chart_page":""}},"quantity_selector":{"type":"quantity_selector","settings":{}},"buy_buttons":{"type":"buy_buttons","settings":{"show_payment_button":true,"atc_button_background":"","atc_button_text_color":"","payment_button_background":"","payment_button_text_color":""}},"830dd228-cc35-4650-b03b-9dd82f64698b":{"type":"offer","settings":{"text_alignment":"center","icon_position":"aligned","icon":"picto-return","icon_width":24,"title":"RETUEN","content":"<p>Not satisfied with your purchase? <a href=\"\/pages\/contact\" title=\"Contact\"><strong>Contact us<\/strong><\/a> within 3 days after you received your order.<\/p>","background":"#eaf2ed","text_color":"#00a341"}},"28b8bd26-eb45-4b36-8cd3-e6f30eb503d1":{"type":"associated_products","settings":{"title":"Buy it with","stack_products":true,"products_count":5,"background":"","text_color":""}},"44972318-776d-4d92-88ef-f3e23f9b1f8c":{"type":"collapsible_text","settings":{"title":"Shipping & Returns","content":"<p>We are committed to bring our products to everyone in the world. Our service delivers to most countries in the world and is dedicated to meeting a variety of shipping needs. Shipping is free for all orders over $100.<\/p><p>You can return your product up to 30 days after receiving your order.<a href=\"\/pages\/faqs\" title=\"FAQ's\"> Learn more<\/a><\/p>"}},"22890bd2-232d-4bd0-83fc-6f09139b9a1a":{"type":"collapsible_text","settings":{"title":"Warranty","content":"<p>Every product is backed with a warranty. From design to manufacturing, delivery to service, we are committed to quality. We honor a 1-year warranty on all products. Brand-specific warranties may extend to longer periods.<\/p>"}}},"block_order":["title","price","separator","variant_picker","quantity_selector","buy_buttons","830dd228-cc35-4650-b03b-9dd82f64698b","28b8bd26-eb45-4b36-8cd3-e6f30eb503d1","44972318-776d-4d92-88ef-f3e23f9b1f8c","22890bd2-232d-4bd0-83fc-6f09139b9a1a"],"settings":{"full_width":true,"show_fixed_add_to_cart":true,"desktop_media_width":50,"desktop_media_layout":"carousel_thumbnails_left","mobile_media_size":"expanded","mobile_carousel_control":"floating_dots","enable_video_autoplay":false,"enable_video_looping":true,"enable_image_zoom":true,"max_image_zoom_level":3,"background":"","background_gradient":"","text_color":"","input_background":"rgba(0,0,0,0)","input_text_color":""}},"eb208ed3-ada2-479c-a5dc-2f0e5d19e7a8":{"type":"accordion-content","blocks":{"template--17255572111669__eb208ed3-ada2-479c-a5dc-2f0e5d19e7a8-1671519944afd26d00-0":{"type":"item","settings":{"title":"Designer","content":"<p>Ingrid Aspen<\/p>"}},"1d3e5808-0245-4db8-9b1d-11368088779e":{"type":"item","settings":{"title":"Material","content":"<p>Glass<\/p>"}},"template--17255572111669__eb208ed3-ada2-479c-a5dc-2f0e5d19e7a8-1671519944afd26d00-1":{"type":"item","settings":{"title":"Dimensions","content":"<p>Small: Ø11.5 x H21.5 cm<br\/>Large: Ø12 x H29.5 cm<\/p>"}},"template--17255572111669__eb208ed3-ada2-479c-a5dc-2f0e5d19e7a8-1671519944afd26d00-2":{"type":"item","settings":{"title":"Product care","content":"<p>Hand wash only<\/p>"}}},"block_order":["template--17255572111669__eb208ed3-ada2-479c-a5dc-2f0e5d19e7a8-1671519944afd26d00-0","1d3e5808-0245-4db8-9b1d-11368088779e","template--17255572111669__eb208ed3-ada2-479c-a5dc-2f0e5d19e7a8-1671519944afd26d00-1","template--17255572111669__eb208ed3-ada2-479c-a5dc-2f0e5d19e7a8-1671519944afd26d00-2"],"settings":{"full_width":true,"subheading":"About","title":"Delicate glassware by Ingrid Aspen","content":"<p>A delicate glassware vase designed by Ingrid Aspen for HAY Denmark, balanced on a delicate neck with a domed base. Apart of a wider collection with other color options and sizes.<\/p>","button_text":"","button_url":"","text_position":"start","background":"","background_gradient":"","text_color":"","heading_color":"#475785","heading_gradient":"","button_background":"","button_text_color":"","accordion_background":"","accordion_text_color":""}},"f5116ced-446e-4bd9-a235-144941e82afd":{"type":"scrolling-text","settings":{"full_width":true,"text":"Good design is everyone’s right","text_size":"large","text_style":"fill","scrolling_mode":"auto","scrolling_speed":5,"background":"","background_gradient":"","text_color":"#bebdb9","text_gradient":""}},"ebacc844-ce6a-4bb3-b2fb-b93f6bdf5fc4":{"type":"slideshow","blocks":{"template--17255572111669__ebacc844-ce6a-4bb3-b2fb-b93f6bdf5fc4-16715202747a64f9bc-0":{"type":"image","settings":{"content_max_width":780,"mobile_text_position":"place-self-center text-center","desktop_text_position":"sm:place-self-center sm:text-center","subheading":"ABOUT US","title":"Inspired by architecture, art & fashion","heading_tag":"h0","button_text":"LEARN MORE","button_link":"shopify:\/\/pages\/about-us","text_color":"#ffffff","button_background":"#ffffff","button_text_color":"#000000","overlay_color":"#000000","overlay_opacity":30,"background":"","background_gradient":""}}},"block_order":["template--17255572111669__ebacc844-ce6a-4bb3-b2fb-b93f6bdf5fc4-16715202747a64f9bc-0"],"settings":{"full_width":true,"allow_transparent_header":true,"image_size":"auto","controls_type":"dots","transition_type":"fade_with_text","autoplay":false,"cycle_speed":6,"background":"#f2f2f2","background_gradient":""}},"22b1a25f-34d3-4cb3-9df1-f75463d1c24f":{"type":"rich-text","blocks":{"template--17255572111669__22b1a25f-34d3-4cb3-9df1-f75463d1c24f-16715203575d9e0ba6-1":{"type":"heading","settings":{"text":"MEET THE DESIGNERS","heading_tag":"h1","text_color":"","gradient":""}},"template--17255572111669__22b1a25f-34d3-4cb3-9df1-f75463d1c24f-16715203575d9e0ba6-2":{"type":"richtext","settings":{"content":"<p>HAY has always believed that good design is everyone’s right. That’s why, from the very beginning, co-founders and Creative Directors Mette and Rolf Hay committed to working with their generation’s best designers from all over the world to create high-quality products that would be available to a wide audience.<\/p>"}},"c77feb06-f3f4-470c-99d5-65cb9fad4b48":{"type":"button","settings":{"style":"outline","size":"xl","text":"VIEW DESIGNERS","url":"","background":"","text_color":""}}},"block_order":["template--17255572111669__22b1a25f-34d3-4cb3-9df1-f75463d1c24f-16715203575d9e0ba6-1","template--17255572111669__22b1a25f-34d3-4cb3-9df1-f75463d1c24f-16715203575d9e0ba6-2","c77feb06-f3f4-470c-99d5-65cb9fad4b48"],"settings":{"full_width":true,"content_width":"small","text_position":"center","background":"","background_gradient":"","text_color":""}},"17906646-724d-4931-b0e3-ceda63d2489b":{"type":"media-grid","blocks":{"template--17255572111669__17906646-724d-4931-b0e3-ceda63d2489b-1671520480d84090c0-2":{"type":"image","settings":{"title":"GEORGE SOWDEN","heading_tag":"h2","link_url":"","link_text":"","mobile_text_position":"place-self-center text-center","desktop_column_span":2,"desktop_row_span":2,"desktop_text_position":"sm:place-self-center sm:text-center","background":"#000000","background_gradient":"","text_color":"#ffffff","text_gradient":"","button_background":"#000000","button_text_color":"#ffffff","overlay_color":"#000000","overlay_opacity":5}},"template--17255572111669__17906646-724d-4931-b0e3-ceda63d2489b-1671520480d84090c0-0":{"type":"image","settings":{"title":"CLARA VON ZWEIGBERGK","heading_tag":"h2","link_url":"","link_text":"","mobile_text_position":"place-self-center text-center","desktop_column_span":2,"desktop_row_span":1,"desktop_text_position":"sm:place-self-center sm:text-center","background":"#000000","background_gradient":"","text_color":"#ffffff","text_gradient":"","button_background":"#000000","button_text_color":"#ffffff","overlay_color":"#000000","overlay_opacity":0}},"template--17255572111669__17906646-724d-4931-b0e3-ceda63d2489b-1671520480d84090c0-1":{"type":"image","settings":{"title":"PIERRE CHARPIN","heading_tag":"h2","link_url":"","link_text":"","mobile_text_position":"place-self-center text-center","desktop_column_span":2,"desktop_row_span":1,"desktop_text_position":"sm:place-self-center sm:text-center","background":"#000000","background_gradient":"","text_color":"#ffffff","text_gradient":"","button_background":"#000000","button_text_color":"#ffffff","overlay_color":"#000000","overlay_opacity":0}}},"block_order":["template--17255572111669__17906646-724d-4931-b0e3-ceda63d2489b-1671520480d84090c0-2","template--17255572111669__17906646-724d-4931-b0e3-ceda63d2489b-1671520480d84090c0-0","template--17255572111669__17906646-724d-4931-b0e3-ceda63d2489b-1671520480d84090c0-1"],"settings":{"full_width":true,"reduce_width":true,"desktop_row_height":290,"mobile_row_height":150,"background":"","background_gradient":""}},"dd58e239-e609-4ce2-abc1-a507ecda1845":{"type":"faq","blocks":{"template--17255572111669__dd58e239-e609-4ce2-abc1-a507ecda1845-167152079719651332-0":{"type":"item","settings":{"title":"How do you calculate your shipping and handling charges?","content":"<p>We’re dedicated to offering the best shipping methods available to ensure that your order reaches you quickly and safely. Shipping rates will vary, based on the specified delivery method, shipping address and total price of the merchandise in your cart.<\/p>"}},"template--17255572111669__dd58e239-e609-4ce2-abc1-a507ecda1845-167152079719651332-1":{"type":"item","settings":{"title":"What if I received damaged or incorrect merchandise?","content":"<p>In the event that you receive defective, incorrect or incomplete merchandise, please contact us right away so we can make it right. For faster assistance with a return or exchange claim, please email us with your order number, contact information.<\/p>"}},"template--17255572111669__dd58e239-e609-4ce2-abc1-a507ecda1845-167152079719651332-2":{"type":"item","settings":{"title":"What if my Order is incomplete?","content":"<p>You're unable to add on further items to an order after purchase. If anything was missed, you'll need to contact us and we can cancel the order for you. You will then need to place a fresh order.<\/p>"}},"a092f6f2-b1a6-45cb-a07c-c58d40398564":{"type":"item","settings":{"title":"Any Questions?","content":"<p>You can contact us through our <a href=\"\/pages\/contact\" title=\"Contact\"><strong>contact<\/strong><\/a> page! We will be happy to assist you.<\/p>"}}},"block_order":["template--17255572111669__dd58e239-e609-4ce2-abc1-a507ecda1845-167152079719651332-0","template--17255572111669__dd58e239-e609-4ce2-abc1-a507ecda1845-167152079719651332-1","template--17255572111669__dd58e239-e609-4ce2-abc1-a507ecda1845-167152079719651332-2","a092f6f2-b1a6-45cb-a07c-c58d40398564"],"settings":{"full_width":true,"subheading":"FAQ's","title":"Have a question ? We are here to help.","content":"","team_avatar_width":160,"support_hours":"Our customer support is available Monday to Friday: 8am-8:30pm.","answer_time":"Average answer time: 24h","button_text":"","button_url":"","text_position":"start","background":"#f2f2f2","background_gradient":"","text_color":"#000000","heading_color":"","heading_gradient":"","button_background":"","button_text_color":"","accordion_background":"#ffffff","accordion_text_color":"#000000"}},"5d13b219-f57a-4070-877d-8a5b8c605e47":{"type":"collection-list","blocks":{"template--17255572111669__5d13b219-f57a-4070-877d-8a5b8c605e47-16715202744cc2893a-0":{"type":"collection","settings":{"collection":"kitchen","subheading":"","title":"","url":"","heading_tag":"h4","text_position":"place-self-end-center text-center","text_color":"#000000","overlay_color":"#000000","overlay_opacity":0}},"template--17255572111669__5d13b219-f57a-4070-877d-8a5b8c605e47-16715202744cc2893a-1":{"type":"collection","settings":{"collection":"decoration","subheading":"","title":"","url":"","heading_tag":"h4","text_position":"place-self-end-center text-center","text_color":"#000000","overlay_color":"#000000","overlay_opacity":0}},"template--17255572111669__5d13b219-f57a-4070-877d-8a5b8c605e47-16715202744cc2893a-2":{"type":"collection","settings":{"collection":"office","subheading":"","title":"","url":"","heading_tag":"h4","text_position":"place-self-end-center text-center","text_color":"#000000","overlay_color":"#000000","overlay_opacity":0}},"1dd54ee6-cfca-4be2-b65d-3478ffcd4347":{"type":"collection","settings":{"collection":"lighting","subheading":"","title":"","url":"","heading_tag":"h4","text_position":"place-self-end-center text-center","text_color":"#000000","overlay_color":"#000000","overlay_opacity":0}},"6a154bc5-69a4-4b41-8b96-3ad3ab510f01":{"type":"collection","settings":{"collection":"books","subheading":"","title":"","url":"","heading_tag":"h4","text_position":"place-self-end-center text-center","text_color":"#000000","overlay_color":"#000000","overlay_opacity":0}}},"block_order":["template--17255572111669__5d13b219-f57a-4070-877d-8a5b8c605e47-16715202744cc2893a-0","template--17255572111669__5d13b219-f57a-4070-877d-8a5b8c605e47-16715202744cc2893a-1","template--17255572111669__5d13b219-f57a-4070-877d-8a5b8c605e47-16715202744cc2893a-2","1dd54ee6-cfca-4be2-b65d-3478ffcd4347","6a154bc5-69a4-4b41-8b96-3ad3ab510f01"],"settings":{"full_width":true,"stack_collections":false,"collections_per_row":4,"show_progress_bar":false,"subheading":"","title":"EXPLORE THE COLLECTIONS","content":"","link_url":"","link_text":"VIEW ALL","background":"","background_gradient":"","text_color":"","heading_color":"","heading_gradient":""}}},"order":["main","eb208ed3-ada2-479c-a5dc-2f0e5d19e7a8","f5116ced-446e-4bd9-a235-144941e82afd","ebacc844-ce6a-4bb3-b2fb-b93f6bdf5fc4","22b1a25f-34d3-4cb3-9df1-f75463d1c24f","17906646-724d-4931-b0e3-ceda63d2489b","dd58e239-e609-4ce2-abc1-a507ecda1845","5d13b219-f57a-4070-877d-8a5b8c605e47"]}