{"sections":{"main":{"type":"main-product","blocks":{"title":{"type":"title","settings":{"heading_tag":"h2"}},"price":{"type":"price","settings":{"show_taxes_notice":false}},"separator":{"type":"separator","settings":{}},"variant_picker":{"type":"variant_picker","settings":{"hide_sold_out_variants":false,"stack_blocks":true,"selector_mode":"block","color_mode":"variant","size_chart_page":""}},"quantity_selector":{"type":"quantity_selector","settings":{}},"buy_buttons":{"type":"buy_buttons","settings":{"show_payment_button":true,"atc_button_background":"","atc_button_text_color":"","payment_button_background":"","payment_button_text_color":""}},"830dd228-cc35-4650-b03b-9dd82f64698b":{"type":"offer","disabled":true,"settings":{"text_alignment":"center","icon_position":"stacked","icon":"picto-timer","icon_width":24,"title":"Limited Time Offer","content":"<p>Take advantage of our offer before it’s too late<\/p>","background":"#eaf2ed","text_color":"#00a341"}},"644c29a2-2490-4d82-bcf3-04efae1728be":{"type":"offer","settings":{"text_alignment":"center","icon_position":"aligned","icon":"picto-truck","icon_width":24,"title":"FREE SHIPPING (3-10 DAYS)","content":"","background":"#eaeaea","text_color":"#000000"}},"28b8bd26-eb45-4b36-8cd3-e6f30eb503d1":{"type":"associated_products","settings":{"title":"Buy it with","stack_products":true,"products_count":5,"background":"","text_color":""}},"44972318-776d-4d92-88ef-f3e23f9b1f8c":{"type":"collapsible_text","disabled":true,"settings":{"title":"Shipping & Returns","content":"<p>We are committed to bring our products to everyone in the world. Our service delivers to most countries in the world and is dedicated to meeting a variety of shipping needs. Shipping is free for all orders over $100.<\/p><p>You can return your product up to 30 days after receiving your order.<a href=\"\/pages\/faqs\" title=\"FAQ's\"> Learn more<\/a><\/p>"}},"22890bd2-232d-4bd0-83fc-6f09139b9a1a":{"type":"collapsible_text","disabled":true,"settings":{"title":"Warranty","content":"<p>Every product is backed with a warranty. From design to manufacturing, delivery to service, we are committed to quality. We honor a 1-year warranty on all products. Brand-specific warranties may extend to longer periods.<\/p>"}},"aef133f6-41c1-46cc-bd84-6c751d0fcb3d":{"type":"badges","disabled":true,"settings":{}},"23d5a006-54ea-464d-b423-fc4aab300f4a":{"type":"image","settings":{"image":"shopify:\/\/shop_images\/SS.png","alignment":"center","max_width":500}},"67a89d64-f21b-4d11-943e-e5947aab6ad7":{"type":"share_buttons","settings":{"alignment":"start"}}},"block_order":["title","price","separator","variant_picker","quantity_selector","buy_buttons","830dd228-cc35-4650-b03b-9dd82f64698b","644c29a2-2490-4d82-bcf3-04efae1728be","28b8bd26-eb45-4b36-8cd3-e6f30eb503d1","44972318-776d-4d92-88ef-f3e23f9b1f8c","22890bd2-232d-4bd0-83fc-6f09139b9a1a","aef133f6-41c1-46cc-bd84-6c751d0fcb3d","23d5a006-54ea-464d-b423-fc4aab300f4a","67a89d64-f21b-4d11-943e-e5947aab6ad7"],"settings":{"full_width":true,"show_fixed_add_to_cart":true,"desktop_media_width":40,"desktop_media_layout":"carousel_thumbnails_left","mobile_media_size":"expanded","mobile_carousel_control":"floating_dots","enable_video_autoplay":true,"enable_video_looping":false,"enable_image_zoom":true,"max_image_zoom_level":3,"background":"","background_gradient":"","text_color":"","input_background":"rgba(0,0,0,0)","input_text_color":""}},"17eebdba-fcdd-42d3-b111-cbbd2565fe79":{"type":"media-with-text","blocks":{"template--17088522223882__17eebdba-fcdd-42d3-b111-cbbd2565fe79-16738875681b120a34-0":{"type":"image","settings":{"image":"shopify:\/\/shop_images\/4.png","media_width":50,"media_position":"start","text_position":"place-self-center-start text-start","icon":"none","icon_width":48,"subheading":"DESCRIPTION","title":"UZSpace U-Shape Sports Bottle","content":"<p>Introducing our fashionable sports bottle, perfect for all your hydration needs. Made of durable plastic, this bottle features a sleek U-shape design and comes in a variety of vibrant colors including Orange, Green, Blue, Red, and Pink.<\/p><p>With a range of capacities from 350ML to 1000ML, you can choose the perfect size for your needs. The bottle is also leak-proof and sealed to ensure that your drink stays safe and secure. Packaged in a compact 80 x 80 x 290 mm, 50 x 50 x 200 mm, 70 x 70 x 240 mm, 70 x 70 x 260 mm, making it easy to take with you on-the-go. Whether you're hitting the gym or running errands, this sports bottle is the perfect companion.<\/p>","link_text":"","link_url":"","background":"#f5f5f5","background_gradient":"","text_color":"#000000","text_gradient":"","button_background":"","button_text_color":""}}},"block_order":["template--17088522223882__17eebdba-fcdd-42d3-b111-cbbd2565fe79-16738875681b120a34-0"],"settings":{"full_width":false,"enable_parallax":true,"spacing":"small"}},"1673890452831b2b6e":{"type":"apps","settings":{"full_width":true,"remove_vertical_spacing":false,"remove_horizontal_spacing":false,"background":"","background_gradient":"","text_color":"","enable_review_integration":true,"review_header_gradient":"linear-gradient(135deg, rgba(255, 194, 102, 1), rgba(255, 163, 26, 1) 100%)","review_header_text_color":"#000000","review_button_background":"#000000","review_button_text_color":"#ffffff"}},"767e8929-3548-4f16-b661-5ad4d9e22336":{"type":"impact-text","blocks":{"template--17088522223882__767e8929-3548-4f16-b661-5ad4d9e22336-167388756015fd05ee-0":{"type":"item","settings":{"title":"100%","subheading":"No water leakage","content":"","button_text":"","button_url":"","animate_impact_text":true,"animate_impact_text_duration":2}},"685d66e9-41b9-4c60-a429-f71fa741b379":{"type":"item","settings":{"title":"99.9%","subheading":"Eco friendly","content":"","button_text":"","button_url":"","animate_impact_text":true,"animate_impact_text_duration":2}}},"block_order":["template--17088522223882__767e8929-3548-4f16-b661-5ad4d9e22336-167388756015fd05ee-0","685d66e9-41b9-4c60-a429-f71fa741b379"],"settings":{"full_width":true,"stack_mobile":true,"text_alignment":"center","impact_text_style":"fill","text_divider":"none","impact_text_size_ratio":1,"background":"","background_gradient":"","heading_text_color":"","heading_gradient":"","text_color":"","button_background":"","button_text_color":""}},"17906646-724d-4931-b0e3-ceda63d2489b":{"type":"media-grid","blocks":{"template--17255572111669__17906646-724d-4931-b0e3-ceda63d2489b-1671520480d84090c0-2":{"type":"image","settings":{"image":"shopify:\/\/shop_images\/Sed3c8c0bc5b841bb8f47090128560f0ek.jpg","title":"","heading_tag":"h2","link_url":"","link_text":"","mobile_text_position":"place-self-center text-center","desktop_column_span":2,"desktop_row_span":2,"desktop_text_position":"sm:place-self-center sm:text-center","background":"#000000","background_gradient":"","text_color":"#ffffff","text_gradient":"","button_background":"#000000","button_text_color":"#ffffff","overlay_color":"#000000","overlay_opacity":5}},"template--17255572111669__17906646-724d-4931-b0e3-ceda63d2489b-1671520480d84090c0-0":{"type":"image","settings":{"image":"shopify:\/\/shop_images\/2.png","title":"","heading_tag":"h2","link_url":"","link_text":"","mobile_text_position":"place-self-center text-center","desktop_column_span":2,"desktop_row_span":1,"desktop_text_position":"sm:place-self-center sm:text-center","background":"#000000","background_gradient":"","text_color":"#ffffff","text_gradient":"","button_background":"#000000","button_text_color":"#ffffff","overlay_color":"#000000","overlay_opacity":0}},"template--17255572111669__17906646-724d-4931-b0e3-ceda63d2489b-1671520480d84090c0-1":{"type":"image","settings":{"image":"shopify:\/\/shop_images\/1.png","title":"","heading_tag":"h2","link_url":"","link_text":"","mobile_text_position":"place-self-center text-center","desktop_column_span":2,"desktop_row_span":1,"desktop_text_position":"sm:place-self-center sm:text-center","background":"#000000","background_gradient":"","text_color":"#ffffff","text_gradient":"","button_background":"#000000","button_text_color":"#ffffff","overlay_color":"#000000","overlay_opacity":0}}},"block_order":["template--17255572111669__17906646-724d-4931-b0e3-ceda63d2489b-1671520480d84090c0-2","template--17255572111669__17906646-724d-4931-b0e3-ceda63d2489b-1671520480d84090c0-0","template--17255572111669__17906646-724d-4931-b0e3-ceda63d2489b-1671520480d84090c0-1"],"settings":{"full_width":true,"reduce_width":true,"desktop_row_height":290,"mobile_row_height":150,"background":"","background_gradient":""}},"dd58e239-e609-4ce2-abc1-a507ecda1845":{"type":"faq","blocks":{"template--17255572111669__dd58e239-e609-4ce2-abc1-a507ecda1845-167152079719651332-0":{"type":"item","settings":{"title":"How long does shipping take?","content":"<p>Shipping times vary as we do ship worldwide from different fulfillment <br\/>centers based on your location. The average shipping time is 3-5 business days.<\/p>"}},"template--17255572111669__dd58e239-e609-4ce2-abc1-a507ecda1845-167152079719651332-1":{"type":"item","settings":{"title":"Can I cancel my order?","content":"<p>You are able to cancel your order with no penalty! You must cancel your <br\/>order before it ships. If the item is already sent please use our easy <br\/>return system to get a full refund.<\/p>"}},"template--17255572111669__dd58e239-e609-4ce2-abc1-a507ecda1845-167152079719651332-2":{"type":"item","settings":{"title":"I am not happy with my order, can it be returned? What if there is an issue?","content":"<p>We offer a 100 % money back guarantee if the product is defective or <br\/>damaged. We give you 30 days to send it back to us for a full refund. <br\/>You must ship it back at your own expense, once we have received the <br\/>product we will refund the full amount of your original purchase. Please<br\/> Include all a name and order number on the returned parcels.<br\/>Please note: If you your package is on the way, you must wait for it to arrive and return it before receiving a refund.<\/p>"}},"a092f6f2-b1a6-45cb-a07c-c58d40398564":{"type":"item","settings":{"title":"Any questions?","content":"<p>You can contact us through our <a href=\"\/pages\/contact\" title=\"Contact\"><strong>contact<\/strong><\/a> page! We will be happy to assist you.<\/p>"}}},"block_order":["template--17255572111669__dd58e239-e609-4ce2-abc1-a507ecda1845-167152079719651332-0","template--17255572111669__dd58e239-e609-4ce2-abc1-a507ecda1845-167152079719651332-1","template--17255572111669__dd58e239-e609-4ce2-abc1-a507ecda1845-167152079719651332-2","a092f6f2-b1a6-45cb-a07c-c58d40398564"],"settings":{"full_width":true,"subheading":"FAQ's","title":"Have a question ? We are here to help.","content":"","team_avatar":"shopify:\/\/shop_images\/shutterstock_1996235378.png","team_avatar_width":140,"support_hours":"Our customer support is available 24\/7.","answer_time":"Average answer time: 2h","button_text":"","button_url":"","text_position":"start","background":"#f2f2f2","background_gradient":"","text_color":"#000000","heading_color":"","heading_gradient":"","button_background":"","button_text_color":"","accordion_background":"#ffffff","accordion_text_color":"#000000"}},"5d13b219-f57a-4070-877d-8a5b8c605e47":{"type":"collection-list","disabled":true,"blocks":{"template--17255572111669__5d13b219-f57a-4070-877d-8a5b8c605e47-16715202744cc2893a-0":{"type":"collection","settings":{"collection":"kitchen","subheading":"","title":"","url":"","heading_tag":"h4","text_position":"place-self-end-center text-center","text_color":"#000000","overlay_color":"#000000","overlay_opacity":0}},"template--17255572111669__5d13b219-f57a-4070-877d-8a5b8c605e47-16715202744cc2893a-1":{"type":"collection","settings":{"collection":"decoration","subheading":"","title":"","url":"","heading_tag":"h4","text_position":"place-self-end-center text-center","text_color":"#000000","overlay_color":"#000000","overlay_opacity":0}},"template--17255572111669__5d13b219-f57a-4070-877d-8a5b8c605e47-16715202744cc2893a-2":{"type":"collection","settings":{"collection":"office","subheading":"","title":"","url":"","heading_tag":"h4","text_position":"place-self-end-center text-center","text_color":"#000000","overlay_color":"#000000","overlay_opacity":0}},"1dd54ee6-cfca-4be2-b65d-3478ffcd4347":{"type":"collection","settings":{"collection":"lighting","subheading":"","title":"","url":"","heading_tag":"h4","text_position":"place-self-end-center text-center","text_color":"#000000","overlay_color":"#000000","overlay_opacity":0}},"6a154bc5-69a4-4b41-8b96-3ad3ab510f01":{"type":"collection","settings":{"collection":"books","subheading":"","title":"","url":"","heading_tag":"h4","text_position":"place-self-end-center text-center","text_color":"#000000","overlay_color":"#000000","overlay_opacity":0}}},"block_order":["template--17255572111669__5d13b219-f57a-4070-877d-8a5b8c605e47-16715202744cc2893a-0","template--17255572111669__5d13b219-f57a-4070-877d-8a5b8c605e47-16715202744cc2893a-1","template--17255572111669__5d13b219-f57a-4070-877d-8a5b8c605e47-16715202744cc2893a-2","1dd54ee6-cfca-4be2-b65d-3478ffcd4347","6a154bc5-69a4-4b41-8b96-3ad3ab510f01"],"settings":{"full_width":true,"stack_collections":false,"collections_per_row":4,"show_progress_bar":false,"subheading":"","title":"EXPLORE THE COLLECTIONS","content":"","link_url":"","link_text":"VIEW ALL","background":"","background_gradient":"","text_color":"","heading_color":"","heading_gradient":""}}},"order":["main","17eebdba-fcdd-42d3-b111-cbbd2565fe79","1673890452831b2b6e","767e8929-3548-4f16-b661-5ad4d9e22336","17906646-724d-4931-b0e3-ceda63d2489b","dd58e239-e609-4ce2-abc1-a507ecda1845","5d13b219-f57a-4070-877d-8a5b8c605e47"]}