{"type":"footer","name":"Footer Group","sections":{"1692637072d8985f73":{"type":"apps","blocks":{"b7571017-d2f5-4fc4-8f9f-040342c2ada3":{"type":"shopify:\/\/apps\/snowball-affiliate-marketing\/blocks\/affiliate-sign-up\/6e5feda3-ec24-4171-ae41-64028b660bc7","disabled":true,"settings":{"form_id":"b49d89f7-5ca3-413b-ad1c-80c2839b3b6d"}}},"block_order":["b7571017-d2f5-4fc4-8f9f-040342c2ada3"],"disabled":true,"settings":{"top_space_desktop":30,"bottom_space_desktop":30,"top_space_mobile":30,"bottom_space_mobile":30}},"8192c81f-4549-42b9-9e0f-5dd323c24f9f":{"type":"newsletter","settings":{"heading":"Join Our Newsletter","description":"Sign up it only takes a second to be the news.","placeholder":"Email Address","btn":"Subscribe","bgcolor":"gradient","button_text_color":"#ffffff","button_bg_color":"#2f67f4","button_border_color":"#2f67f4","top_space_desktop":30,"bottom_space_desktop":30,"top_space_mobile":30,"bottom_space_mobile":30}},"footer":{"type":"footer","blocks":{"61354853-5f80-469e-8859-b2656f120321":{"type":"link_list","settings":{"heading":"Customer Service","menu":"footer"}}},"block_order":["61354853-5f80-469e-8859-b2656f120321"],"settings":{"image":"shopify:\/\/shop_images\/Untitled_design.png","image_width":180,"subtext":"","enable_language_selector":true,"enable_currency_selector":true,"payment_enable":true,"hide_copyright_content":false,"custom_copyright_content":"Copyright© 2023 <a href=\"https:\/\/fur-gift.myshopify.com\/\">Fur Gift<\/a> ","show_policies":true,"footer_bg":"#2f67f4","footer_heading":"#ffffff","footer_text":"#ffffff","footer_text_hover":"#f3efec"}},"offer-sidebar":{"type":"offer-sidebar","blocks":{"3c184a8c-b344-4a00-bcc1-815922498300":{"type":"offer","settings":{"heading":"Offer Title","highlight_text":"Offer","linktext":"Shop now","link":""}},"eefd02b4-3264-40df-b101-73e51cb795f3":{"type":"offer","settings":{"heading":"Offer Title","highlight_text":"Offer","linktext":"Shop now","link":""}}},"block_order":["3c184a8c-b344-4a00-bcc1-815922498300","eefd02b4-3264-40df-b101-73e51cb795f3"],"disabled":true,"settings":{"enable_sidebar":false,"heading":"Heading Here","subheading":"Sub Heading Here","button_text":"Coupon","horizontal_position":"left","vertical_position":5,"btnbgcolor":"#46c0bf","btntextcolor":"#ffffff"}}},"order":["1692637072d8985f73","8192c81f-4549-42b9-9e0f-5dd323c24f9f","footer","offer-sidebar"]}