{"type":"header","name":"Header Group","sections":{"announcement-bar":{"type":"announcement-bar","blocks":{"fec792eb-1815-4f3f-a124-64bc23d77ae3":{"type":"announcement","disabled":true,"settings":{"icon":"shipping","first_text":"FREE SHIPPING ON ALL ORDERS $50+ and INTL $75+","date":"","btn":"","link":""}}},"block_order":["fec792eb-1815-4f3f-a124-64bc23d77ae3"],"disabled":true,"settings":{"show_bar":true,"layout":"carousel","show_close":true,"carousel_rotate":false,"carousel_interval":5,"marquee_direction":"left","marquee_speed":5,"enable_language_selector":true,"enable_currency_selector":true,"fontcolor":"#ffffff","bg_style":"gradient","bgcolor":"#1d98ea","bgcolor2":"linear-gradient(180deg, rgba(0, 183, 250, 1) 49%, rgba(168, 255, 251, 1) 100%)","btn_bgcolor":"#ffffff","btn_fontcolor":"#181818","bborder_color":"#ffffff"}},"header":{"type":"header","settings":{"header_style":"header3","enable_sticky_header":true,"enable_transparent_header":false,"logo":"shopify:\/\/shop_images\/Untitled_design.png","logo_width":250,"logo_position":"center","menu_navigations":"click","menu":"main-menu","type_font_size":15,"menu_position":"center","enable_catalog":false,"view_catalog":"View catalog","catalog_menu":"main-menu","trust_badge_link":"","show_search":true,"cart_icon":"cart","icon_weight":"thin","enable_language_selector":false,"enable_currency_selector":true,"header_bgcolor":"#2f67f4","header_textcolor":"#ffffff","header_textcolor_hover":"#9b9b9b","transparent_text_color":"#000000","hamburger_bgcolor":"#2f67f4","hamburger_textcolor":"#ffffff","hamburger_textcolor_hover":"#9b9b9b","mobile_menu_bg_color":"#000000","mobile_menu_text_color":"#ffffff","sub-menu_text_color":"#ffffff","catalogmenu_bg":"#f7f7f7","catologtext_color":"#000000","catologtext_hover":"#8f826b","catalog_bg":"#dddddd","catalog_text":"#ffffff","catalog_text_border":"#ededed","searchbar_icon_bg":"#ededed","searchbar_icon_color":"#000000"}},"169338813133829b7c":{"type":"apps","blocks":{"4e8ee72e-6d49-453a-8f8c-9357d90c70e0":{"type":"shopify:\/\/apps\/essential-shippingbar\/blocks\/app-block\/4125375e-37c8-4137-949d-c4e1a3aac572","settings":{"id":""}}},"block_order":["4e8ee72e-6d49-453a-8f8c-9357d90c70e0"],"disabled":true,"settings":{"top_space_desktop":30,"bottom_space_desktop":30,"top_space_mobile":30,"bottom_space_mobile":30}}},"order":["announcement-bar","header","169338813133829b7c"]}