{"current":{"color_base":"#8f826b","color_body_bg":"#ffffff","color_body_text":"#000000","heading_color":"#000000","color_image_bg":"#f3efec","bg_savings_text":"#ffd1d1","color_cart_dot":"#efb34c","secondary_color_body_bg":"#daf5ff","secondary_color_body_text":"#000000","secondary_heading_color":"#000000","secondary_color_button":"#ffffff","secondary_color_button_border":"#000000","tertiary_color_body_bg":"#2f67f4","tertiary_color_body_text":"#ffffff","tertiary_heading_color":"#ffffff","quaternary_color_body_bg":"#f3efec","gradient_color_body_bg":"linear-gradient(262deg, rgba(255, 235, 231, 1), rgba(238, 238, 238, 1) 100%)","type_heading_font_family":"poppins_n6","heading_font_scale":90,"type_header_spacing":"0","type_heading_line_height":1.1,"heading_text_transform":"capitalize","type_base_font_family":"poppins_n4","type_base_spacing":"0","type_base_size":100,"type_base_line_height":1.6,"navigation_font_family":"--font-family","buttons_font_family":"--font-family","tab_heading_font_family":"--font-family","filters_heading_font_family":"--font-family","layout_style":"rounded","layout_width":"boxed","enable_animation":false,"button_radius":24,"enable_lazyload":false,"product_image_style":"aspect","social_facebook_link":"https:\/\/facebook.com\/furgift","social_instagram_link":"http:\/\/instagram.com\/furgift","social_tiktok_link":"https:\/\/tiktok.com\/@furgiftofficial","enable_cart_drawer":false,"enable_cartdrawer_note":false,"enable_shipping":false,"enable_breadcrumb":false,"enable_preorder":false,"color_swatch_style":"circle","show_saved_amount":false,"saved_amount_style":"currency","option_title_font_family":"--font-family","price_font_family":"--font-family","enable_badges":false,"show_similar":false,"similar_condition":"type","show_reviews":false,"show_inventory":false,"product_hover_auto_slide":false,"product_grid_content_alignment":"text-left","newsletter_pop_enable":false,"newsletter_description":"<p>Join our Newsletter<\/p>","enable_cookie_banner":true,"show_scrollToTop_text":true,"custom_scrollToTop_svg":"","googlemapapi":"","favicon":"shopify:\/\/shop_images\/LogoFG_bc1b6ae6-b2d7-4c4e-98a8-78c92f88b362.png","checkout_logo_image":"shopify:\/\/shop_images\/LogoFG_9ac84087-68f6-436b-b286-75ab969d55e4.png","buttonType":"custom","custom_radius":6,"color_button_hover":"#ffffff","color_button_text_hover":"#000000","color_button_border_hover":"#46c0bf","show_image_border":true,"heading_capital":true,"product_grid_layout":"rounded","product_grid_radius":"20px","product_layout_design":"rounded","sections":{"header":{"type":"header","settings":{"header_style":"header3","enable_sticky_header":true,"logo_width":140,"logo_position":"center","menu":"main-menu","menu_position":"center","show_search":true,"header_bgcolor":"#4d473f","header_textcolor":"#ffffff","header_textcolor_hover":"#9b9b9b","hamburger_bgcolor":"#4d473f","hamburger_textcolor":"#ffffff","hamburger_textcolor_hover":"#9b9b9b"}},"footer":{"type":"footer","blocks":{"7f8888a0-c33a-407c-a7a4-b16c76cf5425":{"type":"link_list","settings":{"heading":"Quick links","menu":"footer"}},"59a36a52-3fb3-4ad2-b44b-fc555f5f7d02":{"type":"link_list","settings":{"heading":"Quick links","menu":"footer"}},"86421bd8-a313-4bf7-a109-b2ed476a3892":{"type":"link_list","settings":{"heading":"Quick links","menu":"footer"}},"f84cfcb5-0145-4c11-ac10-d9a33a88e5c2":{"type":"link_list","settings":{"heading":"Quick links","menu":"footer"}},"ea148cce-ea93-4530-b8b8-1c929e0d6d3c":{"type":"link_list","settings":{"heading":"Quick links","menu":"footer"}},"61354853-5f80-469e-8859-b2656f120321":{"type":"link_list","settings":{"heading":"Quick links","menu":"footer"}}},"block_order":["7f8888a0-c33a-407c-a7a4-b16c76cf5425","59a36a52-3fb3-4ad2-b44b-fc555f5f7d02","86421bd8-a313-4bf7-a109-b2ed476a3892","f84cfcb5-0145-4c11-ac10-d9a33a88e5c2","ea148cce-ea93-4530-b8b8-1c929e0d6d3c","61354853-5f80-469e-8859-b2656f120321"],"settings":{"image_width":110,"subtext":"","enable_language_selector":true,"enable_currency_selector":true,"payment_enable":true,"footer_bg":"#f3efec","footer_heading":"#000000","footer_text":"#767676","footer_text_hover":"#3c3c3c"}},"offer-sidebar":{"type":"offer-sidebar","blocks":{"3c184a8c-b344-4a00-bcc1-815922498300":{"type":"offer","settings":{"heading":"Offer Title","highlight_text":"Offer","linktext":"Shop now","link":""}},"eefd02b4-3264-40df-b101-73e51cb795f3":{"type":"offer","settings":{"heading":"Offer Title","highlight_text":"Offer","linktext":"Shop now","link":""}}},"block_order":["3c184a8c-b344-4a00-bcc1-815922498300","eefd02b4-3264-40df-b101-73e51cb795f3"],"settings":{"enable_sidebar":false,"heading":"Heading Here","subheading":"Sub Heading Here","button_text":"Coupon","horizontal_position":"left","vertical_position":5,"btnbgcolor":"#46c0bf","btntextcolor":"#ffffff"}},"announcement-bar":{"type":"announcement-bar","blocks":{"fec792eb-1815-4f3f-a124-64bc23d77ae3":{"type":"announcement","settings":{"icon":"gift","first_text":"Announcement Here","date":"","btn":"","link":""}}},"block_order":["fec792eb-1815-4f3f-a124-64bc23d77ae3"],"settings":{"show_bar":true,"show_close":true,"fontcolor":"#ffffff","bg_style":"solid","bgcolor":"#5b554e","bgcolor2":"","btn_bgcolor":"#ffffff","btn_fontcolor":"#181818","bborder_color":"#ffffff"}},"store-locator":{"type":"store-locator","settings":{"heading":"Store pickup address","btn":"Store locator","confirm_btn":"Change preferred store","horizontal_position":"left","vertical_position":50,"btnbgcolor":"#000000","btntextcolor":"#ffffff"}}},"content_for_index":[],"blocks":{"3667842014806057753":{"type":"shopify:\/\/apps\/one-click-upsell-zipify-ocu\/blocks\/app-embed\/bfe6e378-b73a-4871-b8d3-7d6ede22678e","disabled":false,"settings":{}},"15079184273603081885":{"type":"shopify:\/\/apps\/essential-shippingbar\/blocks\/app_embed\/4125375e-37c8-4137-949d-c4e1a3aac572","disabled":false,"settings":{}}}},"presets":{"Amaze":{"color_base":"#8f826b","color_body_bg":"#ffffff","color_body_text":"#000000","heading_color":"#000000","color_image_bg":"#f3efec","bg_savings_text":"#ffd1d1","color_cart_dot":"#efb34c","secondary_color_body_bg":"#e1dcd8","secondary_color_body_text":"#000000","secondary_heading_color":"#000000","secondary_color_button":"#ffffff","secondary_color_button_border":"#000000","tertiary_color_body_bg":"#0e3a2d","tertiary_color_body_text":"#ffffff","tertiary_heading_color":"#ffffff","quaternary_color_body_bg":"#f3efec","gradient_color_body_bg":"linear-gradient(262deg, rgba(255, 235, 231, 1), rgba(238, 238, 238, 1) 100%)","type_heading_font_family":"poppins_n6","heading_font_scale":90,"type_header_spacing":"0","type_heading_line_height":1.1,"heading_text_transform":"capitalize","type_base_font_family":"nunito_sans_n4","type_base_spacing":"0","type_base_size":100,"type_base_line_height":1.6,"navigation_font_family":"--font-family","buttons_font_family":"--font-family","tab_heading_font_family":"--font-family","filters_heading_font_family":"--font-family","layout_style":"rounded","layout_width":"boxed","enable_animation":true,"button_radius":6,"product_image_style":"square","enable_cart_drawer":true,"enable_breadcrumb":false,"color_swatch_style":"circle","saved_amount_style":"currency","option_title_font_family":"--font-family","price_font_family":"--font-family","show_similar":false,"similar_condition":"type","show_reviews":false,"product_hover_auto_slide":false,"product_grid_content_alignment":"text-left","newsletter_pop_enable":false,"newsletter_description":"<p>Join our Newsletter<\/p>","show_scrollToTop_text":true,"custom_scrollToTop_svg":"","googlemapapi":"","buttonType":"custom","custom_radius":6,"color_button_hover":"#ffffff","color_button_text_hover":"#000000","color_button_border_hover":"#46c0bf","show_image_border":true,"heading_capital":true,"product_grid_layout":"rounded","product_grid_radius":"20px","product_layout_design":"rounded","sections":{"header":{"type":"header","settings":{"header_style":"header3","show_search":true,"enable_sticky_header":true,"logo_width":140,"logo_position":"center","menu":"main-menu","menu_position":"center","header_bgcolor":"#4d473f","header_textcolor":"#ffffff","header_textcolor_hover":"#9b9b9b","hamburger_bgcolor":"#4d473f","hamburger_textcolor":"#ffffff","hamburger_textcolor_hover":"#9b9b9b"}},"footer":{"type":"footer","blocks":{"7f8888a0-c33a-407c-a7a4-b16c76cf5425":{"type":"link_list","settings":{"heading":"Quick links","menu":"footer"}},"59a36a52-3fb3-4ad2-b44b-fc555f5f7d02":{"type":"link_list","settings":{"heading":"Quick links","menu":"footer"}},"86421bd8-a313-4bf7-a109-b2ed476a3892":{"type":"link_list","settings":{"heading":"Quick links","menu":"footer"}},"f84cfcb5-0145-4c11-ac10-d9a33a88e5c2":{"type":"link_list","settings":{"heading":"Quick links","menu":"footer"}},"ea148cce-ea93-4530-b8b8-1c929e0d6d3c":{"type":"link_list","settings":{"heading":"Quick links","menu":"footer"}},"61354853-5f80-469e-8859-b2656f120321":{"type":"link_list","settings":{"heading":"Quick links","menu":"footer"}}},"block_order":["7f8888a0-c33a-407c-a7a4-b16c76cf5425","59a36a52-3fb3-4ad2-b44b-fc555f5f7d02","86421bd8-a313-4bf7-a109-b2ed476a3892","f84cfcb5-0145-4c11-ac10-d9a33a88e5c2","ea148cce-ea93-4530-b8b8-1c929e0d6d3c","61354853-5f80-469e-8859-b2656f120321"],"settings":{"image_width":110,"subtext":"","enable_language_selector":true,"enable_currency_selector":true,"payment_enable":true,"footer_bg":"#f3efec","footer_heading":"#000000","footer_text":"#767676","footer_text_hover":"#3c3c3c"}},"offer-sidebar":{"type":"offer-sidebar","blocks":{"3c184a8c-b344-4a00-bcc1-815922498300":{"type":"offer","settings":{"heading":"Offer Title","highlight_text":"Offer","linktext":"Shop now","link":""}},"eefd02b4-3264-40df-b101-73e51cb795f3":{"type":"offer","settings":{"heading":"Offer Title","highlight_text":"Offer","linktext":"Shop now","link":""}}},"block_order":["3c184a8c-b344-4a00-bcc1-815922498300","eefd02b4-3264-40df-b101-73e51cb795f3"],"settings":{"enable_sidebar":false,"heading":"Heading Here","subheading":"Sub Heading Here","button_text":"Coupon","horizontal_position":"left","vertical_position":5,"btnbgcolor":"#46c0bf","btntextcolor":"#ffffff"}},"announcement-bar":{"type":"announcement-bar","blocks":{"fec792eb-1815-4f3f-a124-64bc23d77ae3":{"type":"announcement","settings":{"icon":"gift","first_text":"Announcement Here","date":"","btn":"","link":""}}},"block_order":["fec792eb-1815-4f3f-a124-64bc23d77ae3"],"settings":{"show_bar":true,"show_close":true,"fontcolor":"#ffffff","bg_style":"solid","bgcolor":"#5b554e","bgcolor2":"","btn_bgcolor":"#ffffff","btn_fontcolor":"#181818","bborder_color":"#ffffff"}}},"content_for_index":[]},"Bold":{"color_base":"#3d3d3d","color_body_bg":"#ffffff","color_body_text":"#000000","heading_color":"#000000","color_image_bg":"#eaeaea","bg_savings_text":"#ffd1d1","color_cart_dot":"#efb34c","secondary_color_body_bg":"#eaeaea","secondary_color_body_text":"#000000","secondary_heading_color":"#000000","secondary_color_button":"#ffffff","secondary_color_button_border":"#000000","tertiary_color_body_bg":"#0e3a2d","tertiary_color_body_text":"#ffffff","tertiary_heading_color":"#ffffff","quaternary_color_body_bg":"#eaeaea","gradient_color_body_bg":"linear-gradient(262deg, rgba(255, 235, 231, 1), rgba(238, 238, 238, 1) 100%)","type_heading_font_family":"zurich_n7","heading_font_scale":100,"type_header_spacing":"0","type_heading_line_height":1.1,"heading_text_transform":"uppercase","type_base_font_family":"roboto_n4","type_base_spacing":"0","type_base_size":100,"type_base_line_height":1.6,"navigation_font_family":"--font-family","buttons_font_family":"--font-family","tab_heading_font_family":"--font-family","filters_heading_font_family":"--font-family","layout_style":"rounded","layout_width":"boxed","enable_animation":true,"button_radius":48,"product_image_style":"square","enable_cart_drawer":true,"enable_breadcrumb":false,"color_swatch_style":"circle","saved_amount_style":"currency","option_title_font_family":"--font-family","price_font_family":"--font-family","show_similar":false,"similar_condition":"type","show_reviews":false,"product_hover_auto_slide":false,"product_grid_content_alignment":"text-left","newsletter_pop_enable":false,"newsletter_description":"<p>Join our Newsletter<\/p>","show_scrollToTop_text":true,"custom_scrollToTop_svg":"","googlemapapi":"","buttonType":"custom","custom_radius":6,"color_button_hover":"#ffffff","color_button_text_hover":"#000000","color_button_border_hover":"#46c0bf","show_image_border":true,"heading_capital":true,"product_grid_layout":"rounded","product_grid_radius":"20px","product_layout_design":"rounded","sections":{"header":{"type":"header","settings":{"header_style":"header3","show_search":true,"enable_sticky_header":true,"logo_width":140,"logo_position":"center","menu":"main-menu","menu_position":"center","trust_badge_link":"","header_bgcolor":"#4d473f","header_textcolor":"#ffffff","header_textcolor_hover":"#9b9b9b","hamburger_bgcolor":"#4d473f","hamburger_textcolor":"#ffffff","hamburger_textcolor_hover":"#9b9b9b"}},"footer":{"type":"footer","blocks":{"7f8888a0-c33a-407c-a7a4-b16c76cf5425":{"type":"link_list","settings":{"heading":"Quick links","menu":"footer"}},"59a36a52-3fb3-4ad2-b44b-fc555f5f7d02":{"type":"link_list","settings":{"heading":"Quick links","menu":"footer"}},"86421bd8-a313-4bf7-a109-b2ed476a3892":{"type":"link_list","settings":{"heading":"Quick links","menu":"footer"}},"f84cfcb5-0145-4c11-ac10-d9a33a88e5c2":{"type":"link_list","settings":{"heading":"Quick links","menu":"footer"}},"ea148cce-ea93-4530-b8b8-1c929e0d6d3c":{"type":"link_list","settings":{"heading":"Quick links","menu":"footer"}},"61354853-5f80-469e-8859-b2656f120321":{"type":"link_list","settings":{"heading":"Quick links","menu":"footer"}}},"block_order":["7f8888a0-c33a-407c-a7a4-b16c76cf5425","59a36a52-3fb3-4ad2-b44b-fc555f5f7d02","86421bd8-a313-4bf7-a109-b2ed476a3892","f84cfcb5-0145-4c11-ac10-d9a33a88e5c2","ea148cce-ea93-4530-b8b8-1c929e0d6d3c","61354853-5f80-469e-8859-b2656f120321"],"settings":{"image_width":110,"subtext":"","enable_language_selector":true,"enable_currency_selector":true,"payment_enable":true,"footer_bg":"#f3efec","footer_heading":"#000000","footer_text":"#767676","footer_text_hover":"#3c3c3c"}},"offer-sidebar":{"type":"offer-sidebar","blocks":{"3c184a8c-b344-4a00-bcc1-815922498300":{"type":"offer","settings":{"heading":"Offer Title","highlight_text":"Offer","linktext":"Shop now","link":""}},"eefd02b4-3264-40df-b101-73e51cb795f3":{"type":"offer","settings":{"heading":"Offer Title","highlight_text":"Offer","linktext":"Shop now","link":""}}},"block_order":["3c184a8c-b344-4a00-bcc1-815922498300","eefd02b4-3264-40df-b101-73e51cb795f3"],"settings":{"enable_sidebar":false,"heading":"Heading Here","subheading":"Sub Heading Here","button_text":"Coupon","horizontal_position":"left","vertical_position":5,"btnbgcolor":"#46c0bf","btntextcolor":"#ffffff"}},"announcement-bar":{"type":"announcement-bar","blocks":{"fec792eb-1815-4f3f-a124-64bc23d77ae3":{"type":"announcement","settings":{"icon":"gift","first_text":"Announcement Here","date":"","btn":"","link":""}}},"block_order":["fec792eb-1815-4f3f-a124-64bc23d77ae3"],"settings":{"show_bar":true,"show_close":true,"fontcolor":"#ffffff","bg_style":"solid","bgcolor":"#5b554e","bgcolor2":"","btn_bgcolor":"#ffffff","btn_fontcolor":"#181818","bborder_color":"#ffffff"}}},"content_for_index":[]},"Classic":{"color_base":"#9b6045","color_body_bg":"#ffffff","color_body_text":"#000000","heading_color":"#000000","color_image_bg":"#f8f3eb","color_image_border":"#e6ded1","bg_savings_text":"#ffd1d1","color_cart_dot":"#efb34c","secondary_color_body_bg":"#e1dcd8","secondary_color_body_text":"#000000","secondary_heading_color":"#000000","secondary_color_button":"#ffffff","secondary_color_button_border":"#000000","tertiary_color_body_bg":"#9d6348","tertiary_color_body_text":"#ffffff","tertiary_heading_color":"#ffffff","quaternary_color_body_bg":"#f8f3eb","gradient_color_body_bg":"linear-gradient(262deg, rgba(255, 235, 231, 1), rgba(238, 238, 238, 1) 100%)","type_heading_font_family":"roboto_condensed_n7","heading_font_scale":90,"type_header_spacing":"0","type_heading_line_height":1.1,"heading_text_transform":"uppercase","type_base_font_family":"lato_n4","type_base_spacing":"0","type_base_size":100,"type_base_line_height":1.6,"navigation_font_family":"--font-family","buttons_font_family":"--heading-font-family","tab_heading_font_family":"--heading-font-family","filters_heading_font_family":"--heading-font-family","layout_style":"sharp","layout_width":"boxed","enable_animation":true,"button_radius":0,"product_image_style":"square","enable_cart_drawer":true,"enable_breadcrumb":false,"color_swatch_style":"circle","saved_amount_style":"currency","option_title_font_family":"--font-family","price_font_family":"--font-family","show_similar":false,"similar_condition":"type","show_reviews":false,"product_hover_auto_slide":false,"product_grid_content_alignment":"text-left","newsletter_pop_enable":false,"newsletter_description":"<p>Join our Newsletter<\/p>","show_scrollToTop_text":true,"custom_scrollToTop_svg":"","googlemapapi":"","buttonType":"custom","custom_radius":6,"color_button_hover":"#ffffff","color_button_text_hover":"#000000","color_button_border_hover":"#46c0bf","show_image_border":true,"heading_capital":true,"product_grid_layout":"rounded","product_grid_radius":"20px","product_layout_design":"rounded","sections":{"header":{"type":"header","settings":{"header_style":"header3","show_search":true,"enable_sticky_header":true,"logo_width":140,"logo_position":"center","menu":"main-menu","menu_position":"center","trust_badge_link":"","header_bgcolor":"#4d473f","header_textcolor":"#ffffff","header_textcolor_hover":"#9b9b9b","hamburger_bgcolor":"#4d473f","hamburger_textcolor":"#ffffff","hamburger_textcolor_hover":"#9b9b9b"}},"footer":{"type":"footer","blocks":{"7f8888a0-c33a-407c-a7a4-b16c76cf5425":{"type":"link_list","settings":{"heading":"Quick links","menu":"footer"}},"59a36a52-3fb3-4ad2-b44b-fc555f5f7d02":{"type":"link_list","settings":{"heading":"Quick links","menu":"footer"}},"86421bd8-a313-4bf7-a109-b2ed476a3892":{"type":"link_list","settings":{"heading":"Quick links","menu":"footer"}},"f84cfcb5-0145-4c11-ac10-d9a33a88e5c2":{"type":"link_list","settings":{"heading":"Quick links","menu":"footer"}},"ea148cce-ea93-4530-b8b8-1c929e0d6d3c":{"type":"link_list","settings":{"heading":"Quick links","menu":"footer"}},"61354853-5f80-469e-8859-b2656f120321":{"type":"link_list","settings":{"heading":"Quick links","menu":"footer"}}},"block_order":["7f8888a0-c33a-407c-a7a4-b16c76cf5425","59a36a52-3fb3-4ad2-b44b-fc555f5f7d02","86421bd8-a313-4bf7-a109-b2ed476a3892","f84cfcb5-0145-4c11-ac10-d9a33a88e5c2","ea148cce-ea93-4530-b8b8-1c929e0d6d3c","61354853-5f80-469e-8859-b2656f120321"],"settings":{"image_width":110,"subtext":"","enable_language_selector":true,"enable_currency_selector":true,"payment_enable":true,"footer_bg":"#f3efec","footer_heading":"#000000","footer_text":"#767676","footer_text_hover":"#3c3c3c"}},"offer-sidebar":{"type":"offer-sidebar","blocks":{"3c184a8c-b344-4a00-bcc1-815922498300":{"type":"offer","settings":{"heading":"Offer Title","highlight_text":"Offer","linktext":"Shop now","link":""}},"eefd02b4-3264-40df-b101-73e51cb795f3":{"type":"offer","settings":{"heading":"Offer Title","highlight_text":"Offer","linktext":"Shop now","link":""}}},"block_order":["3c184a8c-b344-4a00-bcc1-815922498300","eefd02b4-3264-40df-b101-73e51cb795f3"],"settings":{"enable_sidebar":false,"heading":"Heading Here","subheading":"Sub Heading Here","button_text":"Coupon","horizontal_position":"left","vertical_position":5,"btnbgcolor":"#46c0bf","btntextcolor":"#ffffff"}},"announcement-bar":{"type":"announcement-bar","blocks":{"fec792eb-1815-4f3f-a124-64bc23d77ae3":{"type":"announcement","settings":{"icon":"gift","first_text":"Announcement Here","date":"","btn":"","link":""}}},"block_order":["fec792eb-1815-4f3f-a124-64bc23d77ae3"],"settings":{"show_bar":true,"show_close":true,"fontcolor":"#ffffff","bg_style":"solid","bgcolor":"#5b554e","bgcolor2":"","btn_bgcolor":"#ffffff","btn_fontcolor":"#181818","bborder_color":"#ffffff"}}},"content_for_index":[]},"Elegant":{"color_base":"#175e5d","color_body_bg":"#ffffff","color_body_text":"#000000","heading_color":"#000000","color_image_bg":"#ddeded","color_image_border":"#eee","bg_savings_text":"#ffd1d1","color_cart_dot":"#efb34c","secondary_color_body_bg":"#e1dcd8","secondary_color_body_text":"#000000","secondary_heading_color":"#000000","secondary_color_button":"#ffffff","secondary_color_button_border":"#000000","tertiary_color_body_bg":"#0e3a2d","tertiary_color_body_text":"#ffffff","tertiary_heading_color":"#ffffff","quaternary_color_body_bg":"#ddeded","gradient_color_body_bg":"linear-gradient(262deg, rgba(255, 235, 231, 1), rgba(238, 238, 238, 1) 100%)","type_heading_font_family":"josefin_sans_n4","heading_font_scale":100,"type_header_spacing":"0","type_heading_line_height":1.1,"heading_text_transform":"capitalize","type_base_font_family":"roboto_n4","type_base_spacing":"0","type_base_size":100,"type_base_line_height":1.6,"navigation_font_family":"--font-family","buttons_font_family":"--font-family","tab_heading_font_family":"--font-family","filters_heading_font_family":"--font-family","layout_style":"rounded","layout_width":"boxed","enable_animation":true,"button_radius":6,"product_image_style":"square","enable_cart_drawer":true,"enable_breadcrumb":false,"color_swatch_style":"circle","saved_amount_style":"currency","option_title_font_family":"--font-family","price_font_family":"--font-family","show_similar":false,"similar_condition":"type","show_reviews":false,"product_hover_auto_slide":false,"product_grid_content_alignment":"text-left","newsletter_pop_enable":false,"newsletter_description":"<p>Join our Newsletter<\/p>","show_scrollToTop_text":true,"custom_scrollToTop_svg":"","googlemapapi":"","buttonType":"custom","custom_radius":6,"color_button_hover":"#ffffff","color_button_text_hover":"#000000","color_button_border_hover":"#46c0bf","show_image_border":true,"heading_capital":true,"product_grid_layout":"rounded","product_grid_radius":"20px","product_layout_design":"rounded","sections":{"header":{"type":"header","settings":{"header_style":"header3","show_search":true,"enable_sticky_header":true,"logo_width":140,"logo_position":"center","menu":"main-menu","menu_position":"center","trust_badge_link":"","header_bgcolor":"#4d473f","header_textcolor":"#ffffff","header_textcolor_hover":"#9b9b9b","hamburger_bgcolor":"#4d473f","hamburger_textcolor":"#ffffff","hamburger_textcolor_hover":"#9b9b9b"}},"footer":{"type":"footer","blocks":{"7f8888a0-c33a-407c-a7a4-b16c76cf5425":{"type":"link_list","settings":{"heading":"Quick links","menu":"footer"}},"59a36a52-3fb3-4ad2-b44b-fc555f5f7d02":{"type":"link_list","settings":{"heading":"Quick links","menu":"footer"}},"86421bd8-a313-4bf7-a109-b2ed476a3892":{"type":"link_list","settings":{"heading":"Quick links","menu":"footer"}},"f84cfcb5-0145-4c11-ac10-d9a33a88e5c2":{"type":"link_list","settings":{"heading":"Quick links","menu":"footer"}},"ea148cce-ea93-4530-b8b8-1c929e0d6d3c":{"type":"link_list","settings":{"heading":"Quick links","menu":"footer"}},"61354853-5f80-469e-8859-b2656f120321":{"type":"link_list","settings":{"heading":"Quick links","menu":"footer"}}},"block_order":["7f8888a0-c33a-407c-a7a4-b16c76cf5425","59a36a52-3fb3-4ad2-b44b-fc555f5f7d02","86421bd8-a313-4bf7-a109-b2ed476a3892","f84cfcb5-0145-4c11-ac10-d9a33a88e5c2","ea148cce-ea93-4530-b8b8-1c929e0d6d3c","61354853-5f80-469e-8859-b2656f120321"],"settings":{"image_width":110,"subtext":"","enable_language_selector":true,"enable_currency_selector":true,"payment_enable":true,"footer_bg":"#f3efec","footer_heading":"#000000","footer_text":"#767676","footer_text_hover":"#3c3c3c"}},"offer-sidebar":{"type":"offer-sidebar","blocks":{"3c184a8c-b344-4a00-bcc1-815922498300":{"type":"offer","settings":{"heading":"Offer Title","highlight_text":"Offer","linktext":"Shop now","link":""}},"eefd02b4-3264-40df-b101-73e51cb795f3":{"type":"offer","settings":{"heading":"Offer Title","highlight_text":"Offer","linktext":"Shop now","link":""}}},"block_order":["3c184a8c-b344-4a00-bcc1-815922498300","eefd02b4-3264-40df-b101-73e51cb795f3"],"settings":{"enable_sidebar":false,"heading":"Heading Here","subheading":"Sub Heading Here","button_text":"Coupon","horizontal_position":"left","vertical_position":5,"btnbgcolor":"#46c0bf","btntextcolor":"#ffffff"}},"announcement-bar":{"type":"announcement-bar","blocks":{"fec792eb-1815-4f3f-a124-64bc23d77ae3":{"type":"announcement","settings":{"icon":"gift","first_text":"Announcement Here","date":"","btn":"","link":""}}},"block_order":["fec792eb-1815-4f3f-a124-64bc23d77ae3"],"settings":{"show_bar":true,"show_close":true,"fontcolor":"#ffffff","bg_style":"solid","bgcolor":"#5b554e","bgcolor2":"","btn_bgcolor":"#ffffff","btn_fontcolor":"#181818","bborder_color":"#ffffff"}}},"content_for_index":[]}}}