[{"name":"theme_info","theme_name":"Yuva","theme_version":"8.0.0","theme_author":"Shine Dezign Infonet","theme_documentation_url":"https:\/\/shinedezigninfonet.com\/yuva-documentation","theme_support_url":"https:\/\/shinedezigninfonet.com\/theme-contact-us"},{"name":"t:settings_schema.colors.name","settings":[{"type":"header","content":"t:settings_schema.colors.settings.header1.content"},{"type":"color","id":"color_base","label":"t:settings_schema.colors.settings.color_base.label","default":"#9D6348"},{"type":"color","id":"color_body_bg","label":"t:settings_schema.colors.settings.color_body_bg.label","default":"#ffffff"},{"type":"color","id":"color_body_text","label":"t:settings_schema.colors.settings.color_body_text.label","default":"#181818"},{"type":"color","id":"heading_color","label":"t:settings_schema.colors.settings.heading_color.label","default":"#181818"},{"type":"color","id":"color_button","label":"t:settings_schema.colors.settings.color_button.label","default":"#000000"},{"type":"color","id":"color_button_text","label":"t:settings_schema.colors.settings.color_button_text.label","default":"#ffffff"},{"type":"color","id":"color_button_border","label":"t:settings_schema.colors.settings.color_button_border.label","default":"#000000"},{"type":"color","id":"color_image_bg","label":"t:settings_schema.colors.settings.color_image_bg.label","default":"#F4EAE2"},{"type":"color","id":"color_image_border","label":"t:settings_schema.colors.settings.color_image_border.label","default":"#eee"},{"type":"color","id":"bg_savings_text","label":"t:settings_schema.colors.settings.bg_savings_text.label","default":"#ffe18c"},{"type":"color","id":"color_savings_text","label":"t:settings_schema.colors.settings.color_savings_text.label","default":"#E22120"},{"type":"color","id":"color_cart_dot","label":"t:settings_schema.colors.settings.color_cart_dot.label","default":"#9D6348"},{"type":"color","id":"browser_notification_bg","label":"t:settings_schema.colors.settings.browser_notification_bg.label","default":"#ffffff"},{"type":"color","id":"browser_notification_text","label":"t:settings_schema.colors.settings.browser_notification_text.label","default":"#000000"},{"type":"paragraph","content":"t:settings_schema.colors.settings.paragraph1.content"},{"type":"color","id":"sale_badge_bg","label":"t:settings_schema.colors.settings.sale_badge_bg.label","default":"#efb34c"},{"type":"color","id":"sale_badge_text","label":"t:settings_schema.colors.settings.sale_badge_text.label","default":"#ffffff"},{"type":"paragraph","content":"t:settings_schema.colors.settings.paragraph2.content"},{"type":"color","id":"sold_badge_bg","label":"t:settings_schema.colors.settings.sold_badge_bg.label","default":"#E22120"},{"type":"color","id":"sold_badge_text","label":"t:settings_schema.colors.settings.sold_badge_text.label","default":"#ffffff"},{"type":"header","content":"t:settings_schema.colors.settings.header2.content"},{"type":"color","id":"secondary_color_body_bg","label":"t:settings_schema.colors.settings.color_body_bg.label","default":"#f8f3eb"},{"type":"color","id":"secondary_color_body_text","label":"t:settings_schema.colors.settings.color_body_text.label","default":"#181818"},{"type":"color","id":"secondary_heading_color","label":"t:settings_schema.colors.settings.heading_color.label","default":"#181818"},{"type":"color","id":"secondary_color_button","label":"t:settings_schema.colors.settings.color_button.label","default":"#ffffff"},{"type":"color","id":"secondary_color_button_text","label":"t:settings_schema.colors.settings.color_button_text.label","default":"#000000"},{"type":"color","id":"secondary_color_button_border","label":"t:settings_schema.colors.settings.secondary_color_button_border.label","default":"#000000"},{"type":"header","content":"t:common.header.tertiary.label"},{"type":"color","id":"tertiary_color_body_bg","label":"t:settings_schema.colors.settings.color_body_bg.label","default":"#E9F5F2"},{"type":"color","id":"tertiary_color_body_text","label":"t:settings_schema.colors.settings.color_body_text.label","default":"#181818"},{"type":"color","id":"tertiary_heading_color","label":"t:settings_schema.colors.settings.heading_color.label","default":"#181818"},{"type":"header","content":"t:common.header.quaternary.label"},{"type":"color","id":"quaternary_color_body_bg","label":"t:settings_schema.colors.settings.color_body_bg.label","default":"#fff5f2"},{"type":"color","id":"quaternary_color_body_text","label":"t:settings_schema.colors.settings.color_body_text.label","default":"#181818"},{"type":"color","id":"quaternary_heading_color","label":"t:settings_schema.colors.settings.heading_color.label","default":"#181818"},{"type":"header","content":"t:common.header.gradient.label"},{"type":"color_background","id":"gradient_color_body_bg","label":"t:settings_schema.colors.settings.color_body_bg.label"}]},{"name":"t:settings_schema.typography.name","settings":[{"type":"header","content":"t:settings_schema.typography.settings.header1.content"},{"type":"font_picker","id":"type_heading_font_family","label":"t:settings_schema.typography.settings.type_heading_font_family.label","default":"roboto_condensed_n7"},{"type":"range","id":"heading_font_scale","label":"t:settings_schema.typography.settings.heading_font_scale.label","default":100,"min":80,"max":150,"unit":"%"},{"type":"select","id":"type_header_spacing","label":"t:settings_schema.typography.settings.type_header_spacing.label","default":"0","options":[{"value":"-75","label":"-75"},{"value":"-50","label":"-50"},{"value":"-25","label":"-25"},{"value":"0","label":"0"},{"value":"25","label":"25"},{"value":"50","label":"50"},{"value":"75","label":"75"},{"value":"100","label":"100"},{"value":"150","label":"150"},{"value":"200","label":"200"},{"value":"250","label":"250"}]},{"type":"range","id":"type_heading_line_height","label":"t:settings_schema.typography.settings.type_heading_line_height.label","default":1.2,"min":1,"max":2,"step":0.1},{"type":"select","id":"heading_text_transform","label":"t:settings_schema.typography.settings.heading_text_transform.label","default":"uppercase","options":[{"value":"capitalize","label":"t:settings_schema.typography.settings.heading_text_transform.options.capitalize.label"},{"value":"uppercase","label":"t:settings_schema.typography.settings.heading_text_transform.options.uppercase.label"}]},{"type":"header","content":"t:settings_schema.typography.settings.header2.content"},{"type":"font_picker","id":"type_base_font_family","label":"t:settings_schema.typography.settings.type_base_font_family.label","default":"lato_n4"},{"type":"select","id":"type_base_spacing","label":"t:settings_schema.typography.settings.type_base_spacing.label","default":"25","options":[{"value":"-75","label":"-75"},{"value":"-50","label":"-50"},{"value":"-25","label":"-25"},{"value":"0","label":"0"},{"value":"25","label":"25"},{"value":"50","label":"50"},{"value":"75","label":"75"},{"value":"100","label":"100"},{"value":"150","label":"150"},{"value":"200","label":"200"},{"value":"250","label":"250"}]},{"type":"range","id":"type_base_size","label":"t:settings_schema.typography.settings.type_base_size.label","default":100,"min":80,"max":150,"unit":"%"},{"type":"range","id":"type_base_line_height","label":"t:settings_schema.typography.settings.type_base_line_height.label","default":1.6,"min":1,"max":2,"step":0.1},{"type":"header","content":"t:settings_schema.typography.settings.others.content"},{"type":"select","id":"navigation_font_family","label":"t:settings_schema.typography.settings.font-family.navigation_font_family","default":"--heading-font-family","options":[{"value":"--heading-font-family","label":"t:settings_schema.typography.settings.font-family.options.heading.label"},{"value":"--font-family","label":"t:settings_schema.typography.settings.font-family.options.body.label"}]},{"type":"select","id":"buttons_font_family","label":"t:settings_schema.typography.settings.font-family.buttons_font_family","default":"--heading-font-family","options":[{"value":"--heading-font-family","label":"t:settings_schema.typography.settings.font-family.options.heading.label"},{"value":"--font-family","label":"t:settings_schema.typography.settings.font-family.options.body.label"}]},{"type":"select","id":"tab_heading_font_family","label":"t:settings_schema.typography.settings.font-family.tab_heading_font_family","default":"--heading-font-family","options":[{"value":"--heading-font-family","label":"t:settings_schema.typography.settings.font-family.options.heading.label"},{"value":"--font-family","label":"t:settings_schema.typography.settings.font-family.options.body.label"}]},{"type":"select","id":"filters_heading_font_family","label":"t:settings_schema.typography.settings.font-family.filters_heading_font_family","default":"--heading-font-family","options":[{"value":"--heading-font-family","label":"t:settings_schema.typography.settings.font-family.options.heading.label"},{"value":"--font-family","label":"t:settings_schema.typography.settings.font-family.options.body.label"}]}]},{"name":"t:settings_schema.layout.name","settings":[{"type":"select","id":"layout_style","default":"rounded","label":"t:settings_schema.layout.settings.layout_style.label","options":[{"value":"rounded","label":"t:settings_schema.layout.settings.layout_style.options.rounded.label"},{"value":"sharp","label":"t:settings_schema.layout.settings.layout_style.options.sharp.label"}]},{"type":"select","id":"layout_width","default":"fullwidth","label":"t:settings_schema.layout.settings.layout_width.label","options":[{"value":"boxed","label":"t:settings_schema.layout.settings.layout_width.options.boxed.label"},{"value":"fullwidth","label":"t:settings_schema.layout.settings.layout_width.options.fullwidth.label"}]}]},{"name":"t:settings_schema.animation.name","settings":[{"type":"checkbox","id":"enable_animation","default":true,"label":"t:settings_schema.animation.settings.enable_animation.label"}]},{"name":"t:settings_schema.buttons.name","settings":[{"type":"range","id":"button_radius","default":10,"label":"t:settings_schema.buttons.settings.button_radius.label","min":0,"max":50,"step":1,"unit":"px"},{"type":"select","id":"buttonAnimation","default":"left","label":"t:settings_schema.buttons.settings.buttonAnimation.label","options":[{"value":"left","label":"t:settings_schema.buttons.settings.buttonAnimation.options.left.label"},{"value":"right","label":"t:settings_schema.buttons.settings.buttonAnimation.options.right.label"},{"value":"top","label":"t:settings_schema.buttons.settings.buttonAnimation.options.top.label"},{"value":"bottom","label":"t:settings_schema.buttons.settings.buttonAnimation.options.bottom.label"}]}]},{"name":"t:settings_schema.images.name","settings":[{"type":"checkbox","id":"enable_lazyload","label":"t:settings_schema.images.settings.enable_lazyload.label","default":true},{"type":"header","content":"t:settings_schema.images.settings.height_header.content"},{"type":"select","id":"product_image_style","label":"t:common.image_height.heading.product_image_style.label","default":"aspect","options":[{"value":"aspect","label":"t:common.image_height.options.aspect.label"},{"value":"landscape","label":"t:common.image_height.options.landscape.label"},{"value":"portrait","label":"t:common.image_height.options.portrait.label"},{"value":"square","label":"t:common.image_height.options.square.label"}]},{"type":"select","id":"product_image_size","label":"t:common.product_image_height.heading.product_image_size.label","default":"cover","options":[{"value":"contain","label":"t:common.product_image_height.options.contain.label"},{"value":"cover","label":"t:common.product_image_height.options.cover.label"}]},{"type":"select","id":"collection_image_style","label":"t:common.image_height.heading.collection_image_style.label","default":"aspect","options":[{"value":"aspect","label":"t:common.image_height.options.aspect.label"},{"value":"landscape","label":"t:common.image_height.options.landscape.label"},{"value":"portrait","label":"t:common.image_height.options.portrait.label"},{"value":"square","label":"t:common.image_height.options.square.label"}]},{"type":"select","id":"article_image_style","label":"t:common.image_height.heading.article_image_style.label","default":"aspect","options":[{"value":"aspect","label":"t:common.image_height.options.aspect.label"},{"value":"landscape","label":"t:common.image_height.options.landscape.label"},{"value":"portrait","label":"t:common.image_height.options.portrait.label"},{"value":"square","label":"t:common.image_height.options.square.label"}]},{"type":"header","content":"t:settings_schema.images.settings.border_header.content"},{"type":"checkbox","id":"product_image_border","default":false,"label":"t:settings_schema.images.settings.product_image_border.label"},{"type":"checkbox","id":"collection_image_border","default":false,"label":"t:settings_schema.images.settings.collection_image_border.label"},{"type":"checkbox","id":"article_image_border","default":false,"label":"t:settings_schema.images.settings.article_image_border.label"},{"type":"header","content":"t:settings_schema.images.settings.header1.content","info":"t:settings_schema.images.settings.header1.info"},{"type":"checkbox","id":"pass_through_product_images","label":"t:settings_schema.images.settings.pass_through_product_images.label","default":false}]},{"name":"t:settings_schema.social.name","settings":[{"type":"header","content":"t:settings_schema.social.settings.header1.content"},{"type":"text","id":"social_facebook_link","label":"t:settings_schema.social.settings.social_facebook_link.label","info":"t:settings_schema.social.settings.social_facebook_link.info"},{"type":"text","id":"social_twitter_link","label":"t:settings_schema.social.settings.social_twitter_link.label","info":"t:settings_schema.social.settings.social_twitter_link.info"},{"type":"text","id":"social_linkedin_link","label":"t:settings_schema.social.settings.social_linkedin_link.label","info":"t:settings_schema.social.settings.social_linkedin_link.info"},{"type":"text","id":"social_instagram_link","label":"t:settings_schema.social.settings.social_instagram_link.label","info":"t:settings_schema.social.settings.social_instagram_link.info"},{"type":"text","id":"social_pinterest_link","label":"t:settings_schema.social.settings.social_pinterest_link.label","info":"t:settings_schema.social.settings.social_pinterest_link.info"},{"type":"text","id":"social_snapchat_link","label":"t:settings_schema.social.settings.social_snapchat_link.label","info":"t:settings_schema.social.settings.social_snapchat_link.info"},{"type":"text","id":"social_tiktok_link","label":"t:settings_schema.social.settings.social_tiktok_link.label","info":"t:settings_schema.social.settings.social_tiktok_link.info"},{"type":"text","id":"social_tumblr_link","label":"t:settings_schema.social.settings.social_tumblr_link.label","info":"t:settings_schema.social.settings.social_tumblr_link.info"},{"type":"text","id":"social_youtube_link","label":"t:settings_schema.social.settings.social_youtube_link.label","info":"t:settings_schema.social.settings.social_youtube_link.info"},{"type":"text","id":"social_vimeo_link","label":"t:settings_schema.social.settings.social_vimeo_link.label","info":"t:settings_schema.social.settings.social_vimeo_link.info"}]},{"name":"t:settings_schema.search.name","settings":[{"type":"checkbox","id":"enable_result_suggestions","default":true,"label":"t:settings_schema.search.settings.enable_result_suggestions.label"},{"type":"checkbox","id":"enable_article_result","default":true,"label":"t:settings_schema.search.settings.enable_article_result.label"},{"type":"checkbox","id":"enable_page_result","default":true,"label":"t:settings_schema.search.settings.enable_page_result.label"}]},{"name":"t:settings_schema.cartDrawer.name","settings":[{"type":"checkbox","id":"enable_cart_drawer","default":true,"label":"t:settings_schema.cartDrawer.settings.enable_cart_drawer.label"},{"type":"checkbox","id":"enable_browser_notification","default":true,"label":"t:settings_schema.cartDrawer.settings.enable_browser_notification.label","info":"t:settings_schema.cartDrawer.settings.enable_browser_notification.info"},{"type":"checkbox","id":"enable_cartdrawer_note","default":true,"label":"t:settings_schema.cartDrawer.settings.enable_cartdrawer_note.label"},{"type":"header","content":"t:settings_schema.cartDrawer.settings.gift_wrap.content","info":"t:settings_schema.cartDrawer.settings.gift_wrap.info"},{"type":"product","id":"gift_wrap_product","label":"t:settings_schema.cartDrawer.settings.gift_wrap_product.label"},{"type":"text","id":"gift_wrap_text","label":"t:settings_schema.cartDrawer.settings.gift_wrap_text.label","default":"Add a gift wrap"},{"type":"header","content":"t:settings_schema.cartDrawer.settings.shipping.content","info":"t:settings_schema.cartDrawer.settings.shipping.info"},{"type":"checkbox","id":"enable_shipping","default":false,"label":"t:settings_schema.cartDrawer.settings.enable_shipping.label","info":"t:settings_schema.cartDrawer.settings.enable_shipping.info"},{"type":"text","id":"shipping_rate","label":"t:settings_schema.cartDrawer.settings.shipping_rate.label","info":"t:settings_schema.cartDrawer.settings.shipping_rate.info"},{"type":"textarea","id":"shipping_text","label":"t:settings_schema.cartDrawer.settings.shipping_text.label","info":"t:settings_schema.cartDrawer.settings.shipping_text.info"},{"type":"textarea","id":"free_shipping_text","label":"t:settings_schema.cartDrawer.settings.free_shipping_text.label"},{"type":"header","content":"t:settings_schema.cartDrawer.settings.upsell_products_header.label"},{"type":"checkbox","id":"upsell_products","label":"t:settings_schema.cartDrawer.settings.upsell_products.label","default":false},{"type":"inline_richtext","id":"upsell_heading","label":"t:settings_schema.cartDrawer.settings.upsell_heading.label","default":"Heading"},{"type":"select","id":"upsell_type","label":"t:settings_schema.cartDrawer.settings.upsell_products.label","default":"product-list","options":[{"value":"related","label":"t:settings_schema.cartDrawer.settings.upsell_type.options.related.label"},{"value":"complementary","label":"t:settings_schema.cartDrawer.settings.upsell_type.options.complementary.label"},{"value":"product-list","label":"t:settings_schema.cartDrawer.settings.upsell_type.options.product-list.label"}]},{"type":"product_list","id":"product_list","limit":8,"label":"t:settings_schema.cartDrawer.settings.product_list.label"},{"type":"range","id":"product_range","label":"t:settings_schema.cartDrawer.settings.product_range.label","min":1,"max":8,"default":6}]},{"name":"t:settings_schema.breadcrumb.name","settings":[{"type":"checkbox","id":"enable_breadcrumb","default":true,"label":"t:settings_schema.breadcrumb.settings.enable_breadcrumb.label"}]},{"name":"t:settings_schema.product-variants.name","settings":[{"type":"checkbox","id":"enable_preorder","default":true,"label":"t:settings_schema.product-variants.enable_preorder.label","info":"t:settings_schema.product-variants.enable_preorder.info"},{"type":"select","id":"option_style","label":"t:settings_schema.product-variants.option_style.label","info":"t:settings_schema.product-variants.option_style.info","options":[{"value":"dropdown","label":"t:settings_schema.product-variants.option_style.options.dropdown.label"},{"value":"swatch","label":"t:settings_schema.product-variants.option_style.options.swatch.label"}],"default":"swatch"},{"type":"text","id":"color_name","label":"t:settings_schema.product-variants.color_name.label","info":"t:settings_schema.product-variants.color_name.info","default":"Color, Colour"},{"type":"text","id":"size_name","label":"t:settings_schema.product-variants.size_name.label","info":"t:settings_schema.product-variants.size_name.info","default":"Size, Measure"},{"type":"select","id":"color_swatch_style","label":"t:settings_schema.product-variants.color_swatch_style.label","options":[{"value":"circle","label":"t:settings_schema.product-variants.color_swatch_style.options.circle.label"},{"value":"square","label":"t:settings_schema.product-variants.color_swatch_style.options.square.label"}],"default":"square"},{"type":"checkbox","id":"variant_image","label":"t:settings_schema.product-variants.variant_image.label","default":false},{"type":"checkbox","id":"show_saved_amount","label":"t:settings_schema.product-variants.show_saved_amount.label","default":true},{"type":"select","id":"saved_amount_style","label":"t:settings_schema.product-variants.saved_amount_style.label","options":[{"value":"currency","label":"t:settings_schema.product-variants.saved_amount_style.options.currency.label"},{"value":"percentage","label":"t:settings_schema.product-variants.saved_amount_style.options.percentage.label"}],"default":"percentage"},{"type":"select","id":"option_title_font_family","label":"t:settings_schema.typography.settings.font-family.option_title_font_family","default":"--heading-font-family","options":[{"value":"--heading-font-family","label":"t:settings_schema.typography.settings.font-family.options.heading.label"},{"value":"--font-family","label":"t:settings_schema.typography.settings.font-family.options.body.label"}]},{"type":"select","id":"price_font_family","label":"t:settings_schema.typography.settings.font-family.price_font_family","default":"--heading-font-family","options":[{"value":"--heading-font-family","label":"t:settings_schema.typography.settings.font-family.options.heading.label"},{"value":"--font-family","label":"t:settings_schema.typography.settings.font-family.options.body.label"}]},{"type":"select","id":"option_title_capital","label":"t:settings_schema.product-variants.option_title_capital.label","default":"uppercase","options":[{"value":"capitalize","label":"t:settings_schema.product-variants.option_title_capital.options.capitalize.label"},{"value":"uppercase","label":"t:settings_schema.product-variants.option_title_capital.options.uppercase.label"}]}]},{"name":"t:settings_schema.product-grid.name","settings":[{"type":"checkbox","id":"show_quick_view","label":"t:settings_schema.product-grid.settings.show_quick_view.label","default":true},{"type":"checkbox","id":"enable_badges","default":true,"label":"t:settings_schema.product-grid.settings.enable_badges.label"},{"type":"checkbox","id":"show_similar","label":"t:settings_schema.product-grid.settings.show_similar.label","default":true},{"type":"checkbox","id":"show_grid_pickup","label":"t:settings_schema.product-grid.settings.show_grid_pickup.label","info":"t:settings_schema.product-grid.settings.show_grid_pickup.info","default":false},{"type":"checkbox","id":"show_similar_text","label":"t:settings_schema.product-grid.settings.show_similar_text.label","default":true},{"type":"select","id":"similar_condition","label":"t:settings_schema.product-grid.settings.similar_condition.label","default":"both","options":[{"value":"both","label":"t:settings_schema.product-grid.settings.similar_condition.options.both.label"},{"value":"type","label":"t:settings_schema.product-grid.settings.similar_condition.options.type.label"},{"value":"vendor","label":"t:settings_schema.product-grid.settings.similar_condition.options.vendor.label"}]},{"type":"checkbox","id":"show_vendor","label":"t:settings_schema.product-grid.settings.show_vendor.label","default":false},{"type":"checkbox","id":"show_atc","label":"t:settings_schema.product-grid.settings.show_atc.label","info":"t:settings_schema.product-grid.settings.show_atc.info","default":true},{"type":"checkbox","id":"show_price","label":"t:settings_schema.product-grid.settings.show_price.label","default":true},{"type":"checkbox","id":"show_reviews","label":"t:settings_schema.product-grid.settings.show_reviews.label","default":true},{"type":"range","id":"product_title_opacity","default":100,"label":"t:settings_schema.product-grid.settings.product_title_opacity.label","min":50,"max":100,"step":1,"unit":"%"},{"type":"checkbox","id":"show_inventory","label":"t:settings_schema.product-grid.settings.inventory.show_inventory.label","default":true},{"type":"range","id":"inventory_threshold","default":0,"label":"t:settings_schema.product-grid.settings.inventory.inventory_threshold.label","info":"t:settings_schema.product-grid.settings.inventory.inventory_threshold.info","min":0,"max":100,"step":1,"unit":"px"},{"type":"select","id":"show_hover","label":"t:settings_schema.product-grid.settings.show_hover.label","default":"slider","options":[{"value":"none","label":"t:settings_schema.product-grid.settings.show_hover.options.none.label"},{"value":"slider","label":"t:settings_schema.product-grid.settings.show_hover.options.slider.label"},{"value":"image","label":"t:settings_schema.product-grid.settings.show_hover.options.image.label"}]},{"type":"checkbox","id":"product_hover_auto_slide","label":"t:settings_schema.product-grid.settings.product_hover_auto_slide.label","info":"t:settings_schema.product-grid.settings.product_hover_auto_slide.info","default":false},{"type":"select","id":"product_grid_content_alignment","label":"t:settings_schema.product-grid.settings.product_grid_content_alignment.label","default":"text-left","options":[{"value":"text-left","label":"t:settings_schema.product-grid.settings.product_grid_content_alignment.options.left.label"},{"value":"text-center","label":"t:settings_schema.product-grid.settings.product_grid_content_alignment.options.center.label"},{"value":"text-right","label":"t:settings_schema.product-grid.settings.product_grid_content_alignment.options.right.label"}]},{"type":"header","content":"t:common.header.product_label.content","info":"t:common.header.product_label.info"},{"type":"text","id":"custom_label1","label":"t:settings_schema.product-grid.settings.custom_label1.label"},{"type":"text","id":"custom_label2","label":"t:settings_schema.product-grid.settings.custom_label2.label"},{"type":"text","id":"custom_label3","label":"t:settings_schema.product-grid.settings.custom_label3.label"},{"type":"text","id":"custom_label4","label":"t:settings_schema.product-grid.settings.custom_label4.label"}]},{"name":"t:settings_schema.newsletter-popup.name","settings":[{"type":"checkbox","id":"newsletter_pop_enable","label":"t:settings_schema.newsletter-popup.settings.newsletter_pop_enable.label","default":false},{"type":"image_picker","id":"newsletter_left_image","label":"t:settings_schema.newsletter-popup.settings.newsletter_left_image.label","info":"t:settings_schema.newsletter-popup.settings.newsletter_left_image.info"},{"type":"text","id":"newsletter_heading","label":"t:settings_schema.newsletter-popup.settings.newsletter_heading.label","default":"Join our Newsletter"},{"type":"richtext","id":"newsletter_description","label":"t:settings_schema.newsletter-popup.settings.newsletter_description.label"},{"type":"checkbox","id":"show_newsletter_social","label":"t:settings_schema.newsletter-popup.settings.show_newsletter_social.label","default":false},{"type":"range","id":"popup_cookie","min":1,"max":30,"step":1,"label":"t:settings_schema.newsletter-popup.settings.popup_cookie.label","default":10},{"type":"header","content":"t:settings_schema.newsletter-popup.settings.header1.content"},{"type":"color","id":"newsletter_heading_color","label":"t:settings_schema.newsletter-popup.settings.newsletter_heading_color.label","default":"#000000"},{"type":"color","id":"newsletter_description_color","label":"t:settings_schema.newsletter-popup.settings.newsletter_description_color.label","default":"#555555"},{"type":"color","id":"newsletter_bk","label":"t:settings_schema.newsletter-popup.settings.newsletter_bk.label","default":"#ffffff"},{"type":"color","id":"newsletter_btn_bg","label":"t:settings_schema.newsletter-popup.settings.newsletter_btn_bg.label","default":"#000000"},{"type":"color","id":"newsletter_btn_text","label":"t:settings_schema.newsletter-popup.settings.newsletter_btn_text.label","default":"#ffffff"},{"type":"color","id":"newsletter_btn_border","label":"t:settings_schema.newsletter-popup.settings.newsletter_btn_border.label","default":"#000000"}]},{"name":"t:settings_schema.reorder.name","settings":[{"type":"checkbox","id":"reorder_enable","label":"t:settings_schema.reorder.settings.reorder.label","default":true}]},{"name":"t:settings_schema.age_verification-popup.name","settings":[{"type":"checkbox","id":"age_verification_pop_enable","label":"t:settings_schema.age_verification-popup.settings.age_verification_pop_enable.label","default":false},{"type":"text","id":"age_verification_title","label":"t:settings_schema.age_verification-popup.settings.age_verification_title.label","default":"Welcome to our site"},{"type":"text","id":"age_verification_heading","label":"t:settings_schema.age_verification-popup.settings.age_verification_heading.label","default":"Age Verification"},{"type":"richtext","id":"age_verification_sub-heading","label":"t:settings_schema.age_verification-popup.settings.age_verification_sub-heading.label","default":"<p>Create your own style with our variety of collections with Mens Women.<\/p>"},{"type":"text","id":"approve_btn_text","label":"t:settings_schema.age_verification-popup.settings.approve_btn_text.label","default":"I am over 18"},{"type":"text","id":"decline_btn_text","label":"t:settings_schema.age_verification-popup.settings.decline_btn_text.label","default":"I am under 18"},{"type":"text","id":"decline_heading","label":"t:settings_schema.age_verification-popup.settings.decline_heading.label","default":"Come back when you're older"},{"type":"richtext","id":"decline_sub-heading","label":"t:settings_schema.age_verification-popup.settings.decline_sub-heading.label","default":"<p>Sorry, the content of this store can't be seen by a younger audience. Come back when you're older.<\/p>"},{"type":"text","id":"age-decline_btn_text","label":"t:settings_schema.age_verification-popup.settings.age-decline_btn_text.label","default":"Oops, I entered incorrectly"},{"type":"range","id":"age_verify_popup_cookie","min":1,"max":30,"step":1,"label":"t:settings_schema.age_verification-popup.settings.age_verify_popup_cookie.label","default":10}]},{"name":"t:settings_schema.cookie-banner.name","settings":[{"type":"checkbox","id":"enable_cookie_banner","default":false,"info":"t:settings_schema.cookie-banner.settings.enable_cookie_banner.info","label":"t:settings_schema.cookie-banner.settings.enable_cookie_banner.label"},{"type":"richtext","id":"description","default":"<p>This website uses cookies to ensure you get the best experience on our website.<\/p>","label":"t:settings_schema.cookie-banner.settings.description.label"},{"type":"text","id":"accept_cookie_btn_text","default":"Accept","label":"t:settings_schema.cookie-banner.settings.accept_cookie_btn_text.label"},{"type":"text","id":"decline_cookie_btn_text","default":"Decline","label":"t:settings_schema.cookie-banner.settings.decline_cookie_btn_text.label"}]},{"name":"t:settings_schema.scrolltop.name","settings":[{"type":"checkbox","id":"enableScrollToTop","label":"t:settings_schema.scrolltop.settings.enableScrollToTop.label","default":true},{"type":"checkbox","id":"show_scrollToTop_text","label":"t:settings_schema.scrolltop.settings.show_scrollToTop_text.label","info":"t:settings_schema.scrolltop.settings.show_scrollToTop_text.info","default":true},{"type":"checkbox","id":"show_scrollToTop_background","label":"t:settings_schema.scrolltop.settings.show_scrollToTop_background.label","default":false},{"type":"textarea","id":"custom_scrollToTop_svg","label":"t:settings_schema.scrolltop.settings.custom_scrollToTop_svg.label","info":"t:settings_schema.scrolltop.settings.custom_scrollToTop_svg.info"},{"type":"select","id":"scrollToTop_position","label":"t:settings_schema.scrolltop.settings.scrollToTop_position.label","default":"right","options":[{"value":"left","label":"t:settings_schema.scrolltop.settings.scrollToTop_position.options.left.label"},{"value":"center","label":"t:settings_schema.scrolltop.settings.scrollToTop_position.options.center.label"},{"value":"right","label":"t:settings_schema.scrolltop.settings.scrollToTop_position.options.right.label"}]}]},{"name":"t:settings_schema.google-map.name","settings":[{"type":"text","id":"googlemapapi","label":"t:settings_schema.google-map.settings.googlemapapi.label","info":"t:settings_schema.google-map.settings.googlemapapi.info"}]},{"name":"t:settings_schema.favicon.name","settings":[{"type":"image_picker","id":"favicon","label":"t:settings_schema.favicon.settings.favicon.label","info":"t:settings_schema.favicon.settings.favicon.info"}]}]